,precision,recall,f1-score,support
0.0,1.0,0.05172413793103448,0.09836065573770492,58.0
1.0,0.0,0.0,0.0,0.0
accuracy,,,0.05172413793103448,58.0
macro avg,0.5,0.02586206896551724,0.04918032786885246,58.0
weighted avg,1.0,0.05172413793103448,0.09836065573770492,58.0
