,precision,recall,f1-score,support
0.0,1.0,0.7758620689655172,0.8737864077669902,58.0
1.0,0.0,0.0,0.0,0.0
accuracy,,,0.7758620689655172,58.0
macro avg,0.5,0.3879310344827586,0.4368932038834951,58.0
weighted avg,1.0,0.7758620689655172,0.8737864077669902,58.0
