,precision,recall,f1-score,support
0.0,1.0,0.08620689655172414,0.15873015873015872,58.0
1.0,0.0,0.0,0.0,0.0
accuracy,,,0.08620689655172414,58.0
macro avg,0.5,0.04310344827586207,0.07936507936507936,58.0
weighted avg,1.0,0.08620689655172414,0.15873015873015872,58.0
