,precision,recall,f1-score,support
0.0,1.0,0.1206896551724138,0.21538461538461542,58.0
1.0,0.0,0.0,0.0,0.0
accuracy,,,0.1206896551724138,58.0
macro avg,0.5,0.0603448275862069,0.10769230769230771,58.0
weighted avg,1.0,0.1206896551724138,0.21538461538461542,58.0
