,precision,recall,f1-score,support
0.0,1.0,0.8448275862068966,0.9158878504672897,58.0
1.0,0.0,0.0,0.0,0.0
accuracy,,,0.8448275862068966,58.0
macro avg,0.5,0.4224137931034483,0.45794392523364486,58.0
weighted avg,1.0,0.8448275862068966,0.9158878504672898,58.0
