,precision,recall,f1-score,support
0.0,1.0,0.6206896551724138,0.7659574468085107,58.0
1.0,0.0,0.0,0.0,0.0
accuracy,,,0.6206896551724138,58.0
macro avg,0.5,0.3103448275862069,0.3829787234042554,58.0
weighted avg,1.0,0.6206896551724138,0.7659574468085107,58.0
