,precision,recall,f1-score,support
0.0,0.9772727272727273,0.7543859649122807,0.8514851485148516,57.0
1.0,0.0,0.0,0.0,1.0
accuracy,,,0.7413793103448276,58.0
macro avg,0.48863636363636365,0.37719298245614036,0.4257425742574258,58.0
weighted avg,0.960423197492163,0.7413793103448276,0.8368043700921817,58.0
