,precision,recall,f1-score,support
0.0,1.0,0.8596491228070176,0.9245283018867925,57.0
1.0,0.1111111111111111,1.0,0.19999999999999998,1.0
accuracy,,,0.8620689655172413,58.0
macro avg,0.5555555555555556,0.9298245614035088,0.5622641509433962,58.0
weighted avg,0.9846743295019158,0.8620689655172413,0.9120364346128823,58.0
