,precision,recall,f1-score,support
0.0,1.0,0.9482758620689655,0.9734513274336283,58.0
1.0,0.0,0.0,0.0,0.0
accuracy,,,0.9482758620689655,58.0
macro avg,0.5,0.47413793103448276,0.48672566371681414,58.0
weighted avg,1.0,0.9482758620689655,0.9734513274336283,58.0
