,precision,recall,f1-score,support
0.0,1.0,0.22413793103448276,0.36619718309859156,58.0
1.0,0.0,0.0,0.0,0.0
accuracy,,,0.22413793103448276,58.0
macro avg,0.5,0.11206896551724138,0.18309859154929578,58.0
weighted avg,1.0,0.22413793103448276,0.36619718309859156,58.0
