,precision,recall,f1-score,support
0.0,1.0,0.24561403508771928,0.3943661971830986,57.0
1.0,0.022727272727272728,1.0,0.044444444444444446,1.0
accuracy,,,0.25862068965517243,58.0
macro avg,0.5113636363636364,0.6228070175438596,0.21940532081377154,58.0
weighted avg,0.9831504702194358,0.25862068965517243,0.38833306351519076,58.0
