,precision,recall,f1-score,support
0.0,1.0,0.25862068965517243,0.4109589041095891,58.0
1.0,0.0,0.0,0.0,0.0
accuracy,,,0.25862068965517243,58.0
macro avg,0.5,0.12931034482758622,0.20547945205479454,58.0
weighted avg,1.0,0.25862068965517243,0.4109589041095891,58.0
