,precision,recall,f1-score,support
0.0,1.0,0.2413793103448276,0.3888888888888889,58.0
1.0,0.0,0.0,0.0,0.0
accuracy,,,0.2413793103448276,58.0
macro avg,0.5,0.1206896551724138,0.19444444444444445,58.0
weighted avg,1.0,0.2413793103448276,0.3888888888888889,58.0
