,precision,recall,f1-score,support
0.0,0.9642857142857143,0.47368421052631576,0.6352941176470588,57.0
1.0,0.0,0.0,0.0,1.0
accuracy,,,0.46551724137931033,58.0
macro avg,0.48214285714285715,0.23684210526315788,0.3176470588235294,58.0
weighted avg,0.9476600985221675,0.46551724137931033,0.6243407707910751,58.0
