,precision,recall,f1-score,support
0.0,1.0,0.7068965517241379,0.8282828282828283,58.0
1.0,0.0,0.0,0.0,0.0
accuracy,,,0.7068965517241379,58.0
macro avg,0.5,0.35344827586206895,0.41414141414141414,58.0
weighted avg,1.0,0.7068965517241379,0.8282828282828283,58.0
