,precision,recall,f1-score,support
0.0,1.0,0.15517241379310345,0.26865671641791045,58.0
1.0,0.0,0.0,0.0,0.0
accuracy,,,0.15517241379310345,58.0
macro avg,0.5,0.07758620689655173,0.13432835820895522,58.0
weighted avg,1.0,0.15517241379310345,0.26865671641791045,58.0
