,precision,recall,f1-score,support
0.0,1.0,0.7241379310344828,0.8400000000000001,58.0
1.0,0.0,0.0,0.0,0.0
accuracy,,,0.7241379310344828,58.0
macro avg,0.5,0.3620689655172414,0.42000000000000004,58.0
weighted avg,1.0,0.7241379310344828,0.8400000000000001,58.0
