,precision,recall,f1-score,support
0.0,1.0,0.3103448275862069,0.4736842105263158,58.0
1.0,0.0,0.0,0.0,0.0
accuracy,,,0.3103448275862069,58.0
macro avg,0.5,0.15517241379310345,0.2368421052631579,58.0
weighted avg,1.0,0.3103448275862069,0.4736842105263158,58.0
