,precision,recall,f1-score,support
0.0,1.0,0.10344827586206896,0.1875,58.0
1.0,0.0,0.0,0.0,0.0
accuracy,,,0.10344827586206896,58.0
macro avg,0.5,0.05172413793103448,0.09375,58.0
weighted avg,1.0,0.10344827586206896,0.1875,58.0
