,precision,recall,f1-score,support
0.0,1.0,0.4827586206896552,0.6511627906976745,58.0
1.0,0.0,0.0,0.0,0.0
accuracy,,,0.4827586206896552,58.0
macro avg,0.5,0.2413793103448276,0.32558139534883723,58.0
weighted avg,1.0,0.4827586206896552,0.6511627906976745,58.0
