,precision,recall,f1-score,support
0.0,1.0,0.06896551724137931,0.12903225806451613,58.0
1.0,0.0,0.0,0.0,0.0
accuracy,,,0.06896551724137931,58.0
macro avg,0.5,0.034482758620689655,0.06451612903225806,58.0
weighted avg,1.0,0.06896551724137931,0.12903225806451613,58.0
