,precision,recall,f1-score,support
0.0,0.9743589743589743,0.6666666666666666,0.7916666666666666,57.0
1.0,0.0,0.0,0.0,1.0
accuracy,,,0.6551724137931034,58.0
macro avg,0.48717948717948717,0.3333333333333333,0.3958333333333333,58.0
weighted avg,0.9575596816976127,0.6551724137931034,0.7780172413793104,58.0
