,precision,recall,f1-score,support
0.0,0.9333333333333333,0.24561403508771928,0.38888888888888884,57.0
1.0,0.0,0.0,0.0,1.0
accuracy,,,0.2413793103448276,58.0
macro avg,0.4666666666666667,0.12280701754385964,0.19444444444444442,58.0
weighted avg,0.9172413793103449,0.2413793103448276,0.38218390804597696,58.0
