,precision,recall,f1-score,support
0.0,1.0,0.29310344827586204,0.4533333333333333,58.0
1.0,0.0,0.0,0.0,0.0
accuracy,,,0.29310344827586204,58.0
macro avg,0.5,0.14655172413793102,0.22666666666666666,58.0
weighted avg,1.0,0.29310344827586204,0.4533333333333333,58.0
