,precision,recall,f1-score,support
0.0,1.0,0.1724137931034483,0.29411764705882354,58.0
1.0,0.0,0.0,0.0,0.0
accuracy,,,0.1724137931034483,58.0
macro avg,0.5,0.08620689655172414,0.14705882352941177,58.0
weighted avg,1.0,0.1724137931034483,0.29411764705882354,58.0
