,precision,recall,f1-score,support
0.0,1.0,0.3157894736842105,0.4799999999999999,57.0
1.0,0.025,1.0,0.04878048780487806,1.0
accuracy,,,0.3275862068965517,58.0
macro avg,0.5125,0.6578947368421053,0.264390243902439,58.0
weighted avg,0.9831896551724137,0.3275862068965517,0.47256518082422194,58.0
