,precision,recall,f1-score,support
0.0,1.0,0.9655172413793104,0.9824561403508771,58.0
1.0,0.0,0.0,0.0,0.0
accuracy,,,0.9655172413793104,58.0
macro avg,0.5,0.4827586206896552,0.49122807017543857,58.0
weighted avg,1.0,0.9655172413793104,0.9824561403508771,58.0
