,precision,recall,f1-score,support
0.0,1.0,0.3620689655172414,0.5316455696202532,58.0
1.0,0.0,0.0,0.0,0.0
accuracy,,,0.3620689655172414,58.0
macro avg,0.5,0.1810344827586207,0.2658227848101266,58.0
weighted avg,1.0,0.3620689655172414,0.5316455696202532,58.0
