,precision,recall,f1-score,support
0.0,0.9777777777777777,0.88,0.9263157894736842,50.0
1.0,0.0,0.0,0.0,1.0
accuracy,,,0.8627450980392157,51.0
macro avg,0.4888888888888889,0.44,0.4631578947368421,51.0
weighted avg,0.9586056644880173,0.8627450980392157,0.9081527347781219,51.0
