,precision,recall,f1-score,support
0.0,1.0,0.8823529411764706,0.9375,51.0
1.0,0.0,0.0,0.0,0.0
accuracy,,,0.8823529411764706,51.0
macro avg,0.5,0.4411764705882353,0.46875,51.0
weighted avg,1.0,0.8823529411764706,0.9375,51.0
