,precision,recall,f1-score,support
0.0,1.0,0.4117647058823529,0.5833333333333334,51.0
1.0,0.0,0.0,0.0,0.0
accuracy,,,0.4117647058823529,51.0
macro avg,0.5,0.20588235294117646,0.2916666666666667,51.0
weighted avg,1.0,0.4117647058823529,0.5833333333333334,51.0
