,precision,recall,f1-score,support
0.0,1.0,0.3137254901960784,0.47761194029850745,51.0
1.0,0.0,0.0,0.0,0.0
accuracy,,,0.3137254901960784,51.0
macro avg,0.5,0.1568627450980392,0.23880597014925373,51.0
weighted avg,1.0,0.3137254901960784,0.47761194029850745,51.0
