,precision,recall,f1-score,support
0.0,1.0,0.29411764705882354,0.45454545454545453,51.0
1.0,0.0,0.0,0.0,0.0
accuracy,,,0.29411764705882354,51.0
macro avg,0.5,0.14705882352941177,0.22727272727272727,51.0
weighted avg,1.0,0.29411764705882354,0.45454545454545453,51.0
