,precision,recall,f1-score,support
0.0,0.9473684210526315,0.36,0.5217391304347826,50.0
1.0,0.0,0.0,0.0,1.0
accuracy,,,0.35294117647058826,51.0
macro avg,0.47368421052631576,0.18,0.2608695652173913,51.0
weighted avg,0.9287925696594427,0.35294117647058826,0.5115089514066495,51.0
