,precision,recall,f1-score,support
0.0,1.0,0.35294117647058826,0.5217391304347826,51.0
1.0,0.0,0.0,0.0,0.0
accuracy,,,0.35294117647058826,51.0
macro avg,0.5,0.17647058823529413,0.2608695652173913,51.0
weighted avg,1.0,0.35294117647058826,0.5217391304347826,51.0
