,precision,recall,f1-score,support
0.0,1.0,0.32,0.48484848484848486,50.0
1.0,0.02857142857142857,1.0,0.05555555555555556,1.0
accuracy,,,0.3333333333333333,51.0
macro avg,0.5142857142857142,0.66,0.2702020202020202,51.0
weighted avg,0.980952380952381,0.3333333333333333,0.4764309764309765,51.0
