,precision,recall,f1-score,support
0.0,0.9795918367346939,0.96,0.9696969696969697,50.0
1.0,0.0,0.0,0.0,1.0
accuracy,,,0.9411764705882353,51.0
macro avg,0.4897959183673469,0.48,0.48484848484848486,51.0
weighted avg,0.9603841536614646,0.9411764705882353,0.9506833036244801,51.0
