,precision,recall,f1-score,support
0.0,1.0,0.1568627450980392,0.2711864406779661,51.0
1.0,0.0,0.0,0.0,0.0
accuracy,,,0.1568627450980392,51.0
macro avg,0.5,0.0784313725490196,0.13559322033898305,51.0
weighted avg,1.0,0.1568627450980392,0.2711864406779661,51.0
