,precision,recall,f1-score,support
0.0,1.0,0.38,0.5507246376811594,50.0
1.0,0.03125,1.0,0.06060606060606061,1.0
accuracy,,,0.39215686274509803,51.0
macro avg,0.515625,0.69,0.30566534914361,51.0
weighted avg,0.9810049019607843,0.39215686274509803,0.5411144695032164,51.0
