,precision,recall,f1-score,support
0.0,1.0,0.39215686274509803,0.5633802816901409,51.0
1.0,0.0,0.0,0.0,0.0
accuracy,,,0.39215686274509803,51.0
macro avg,0.5,0.19607843137254902,0.28169014084507044,51.0
weighted avg,1.0,0.39215686274509803,0.5633802816901409,51.0
