,precision,recall,f1-score,support
0.0,1.0,0.02,0.0392156862745098,50.0
1.0,0.02,1.0,0.0392156862745098,1.0
accuracy,,,0.0392156862745098,51.0
macro avg,0.51,0.51,0.0392156862745098,51.0
weighted avg,0.9807843137254902,0.0392156862745098,0.0392156862745098,51.0
