,precision,recall,f1-score,support
0.0,0.9736842105263158,0.74,0.8409090909090909,50.0
1.0,0.0,0.0,0.0,1.0
accuracy,,,0.7254901960784313,51.0
macro avg,0.4868421052631579,0.37,0.42045454545454547,51.0
weighted avg,0.9545923632610939,0.7254901960784313,0.8244206773618539,51.0
