,precision,recall,f1-score,support
0.0,1.0,0.2549019607843137,0.40625,51.0
1.0,0.0,0.0,0.0,0.0
accuracy,,,0.2549019607843137,51.0
macro avg,0.5,0.12745098039215685,0.203125,51.0
weighted avg,1.0,0.2549019607843137,0.40625,51.0
