,precision,recall,f1-score,support
0.0,0.972972972972973,0.72,0.8275862068965518,50.0
1.0,0.0,0.0,0.0,1.0
accuracy,,,0.7058823529411765,51.0
macro avg,0.4864864864864865,0.36,0.4137931034482759,51.0
weighted avg,0.9538950715421305,0.7058823529411765,0.8113590263691686,51.0
