,precision,recall,f1-score,support
0.0,1.0,0.09803921568627451,0.17857142857142855,51.0
1.0,0.0,0.0,0.0,0.0
accuracy,,,0.09803921568627451,51.0
macro avg,0.5,0.049019607843137254,0.08928571428571427,51.0
weighted avg,1.0,0.09803921568627451,0.17857142857142855,51.0
