,precision,recall,f1-score,support
0.0,0.9803921568627451,1.0,0.99009900990099,50.0
1.0,0.0,0.0,0.0,1.0
accuracy,,,0.9803921568627451,51.0
macro avg,0.49019607843137253,0.5,0.495049504950495,51.0
weighted avg,0.9611687812379853,0.9803921568627451,0.9706853038245,51.0
