,precision,recall,f1-score,support
0.0,1.0,0.8235294117647058,0.9032258064516129,51.0
1.0,0.0,0.0,0.0,0.0
accuracy,,,0.8235294117647058,51.0
macro avg,0.5,0.4117647058823529,0.45161290322580644,51.0
weighted avg,1.0,0.8235294117647058,0.9032258064516129,51.0
