,precision,recall,f1-score,support
0.0,1.0,0.5686274509803921,0.725,51.0
1.0,0.0,0.0,0.0,0.0
accuracy,,,0.5686274509803921,51.0
macro avg,0.5,0.28431372549019607,0.3625,51.0
weighted avg,1.0,0.5686274509803921,0.725,51.0
