,precision,recall,f1-score,support
0.0,1.0,0.22,0.36065573770491804,50.0
1.0,0.025,1.0,0.04878048780487806,1.0
accuracy,,,0.23529411764705882,51.0
macro avg,0.5125,0.61,0.20471811275489804,51.0
weighted avg,0.9808823529411764,0.23529411764705882,0.35454053672648583,51.0
