,precision,recall,f1-score,support
0.0,0.9767441860465116,0.84,0.9032258064516129,50.0
1.0,0.0,0.0,0.0,1.0
accuracy,,,0.8235294117647058,51.0
macro avg,0.4883720930232558,0.42,0.45161290322580644,51.0
weighted avg,0.9575923392612858,0.8235294117647058,0.885515496521189,51.0
