,precision,recall,f1-score,support
0.0,1.0,0.9411764705882353,0.9696969696969697,51.0
1.0,0.0,0.0,0.0,0.0
accuracy,,,0.9411764705882353,51.0
macro avg,0.5,0.47058823529411764,0.48484848484848486,51.0
weighted avg,1.0,0.9411764705882353,0.9696969696969697,51.0
