,precision,recall,f1-score,support
0.0,1.0,0.9607843137254902,0.98,51.0
1.0,0.0,0.0,0.0,0.0
accuracy,,,0.9607843137254902,51.0
macro avg,0.5,0.4803921568627451,0.49,51.0
weighted avg,1.0,0.9607843137254902,0.98,51.0
