,precision,recall,f1-score,support
0.0,1.0,0.11764705882352941,0.21052631578947367,51.0
1.0,0.0,0.0,0.0,0.0
accuracy,,,0.11764705882352941,51.0
macro avg,0.5,0.058823529411764705,0.10526315789473684,51.0
weighted avg,1.0,0.11764705882352941,0.21052631578947367,51.0
