,precision,recall,f1-score,support
0.0,1.0,0.13725490196078433,0.24137931034482762,51.0
1.0,0.0,0.0,0.0,0.0
accuracy,,,0.13725490196078433,51.0
macro avg,0.5,0.06862745098039216,0.12068965517241381,51.0
weighted avg,1.0,0.13725490196078433,0.24137931034482762,51.0
