,precision,recall,f1-score,support
0.0,0.0,0.0,0.0,50.0
1.0,0.0196078431372549,1.0,0.038461538461538464,1.0
accuracy,,,0.0196078431372549,51.0
macro avg,0.00980392156862745,0.5,0.019230769230769232,51.0
weighted avg,0.00038446751249519417,0.0196078431372549,0.0007541478129713424,51.0
