,precision,recall,f1-score,support
0.0,1.0,0.6862745098039216,0.813953488372093,51.0
1.0,0.0,0.0,0.0,0.0
accuracy,,,0.6862745098039216,51.0
macro avg,0.5,0.3431372549019608,0.4069767441860465,51.0
weighted avg,1.0,0.6862745098039216,0.813953488372093,51.0
