,precision,recall,f1-score,support
0.0,0.3157894736842105,0.46153846153846156,0.37499999999999994,26.0
1.0,0.0,0.0,0.0,26.0
accuracy,,,0.23076923076923078,52.0
macro avg,0.15789473684210525,0.23076923076923078,0.18749999999999997,52.0
weighted avg,0.15789473684210525,0.23076923076923078,0.18749999999999997,52.0
