,precision,recall,f1-score,support
0.0,1.0,0.7307692307692307,0.8444444444444443,26.0
1.0,0.7878787878787878,1.0,0.8813559322033898,26.0
accuracy,,,0.8653846153846154,52.0
macro avg,0.8939393939393939,0.8653846153846154,0.8629001883239171,52.0
weighted avg,0.8939393939393939,0.8653846153846154,0.862900188323917,52.0
