,precision,recall,f1-score,support
0.0,1.0,0.6923076923076923,0.8181818181818181,26.0
1.0,0.7647058823529411,1.0,0.8666666666666666,26.0
accuracy,,,0.8461538461538461,52.0
macro avg,0.8823529411764706,0.8461538461538461,0.8424242424242423,52.0
weighted avg,0.8823529411764706,0.8461538461538461,0.8424242424242423,52.0
