,precision,recall,f1-score,support
0.0,1.0,0.28125,0.43902439024390244,32.0
1.0,0.041666666666666664,1.0,0.07999999999999999,1.0
accuracy,,,0.30303030303030304,33.0
macro avg,0.5208333333333334,0.640625,0.25951219512195123,33.0
weighted avg,0.9709595959595959,0.30303030303030304,0.4281448632668145,33.0
