,precision,recall,f1-score,support
0.0,1.0,0.0625,0.11764705882352941,32.0
1.0,0.03225806451612903,1.0,0.0625,1.0
accuracy,,,0.09090909090909091,33.0
macro avg,0.5161290322580645,0.53125,0.0900735294117647,33.0
weighted avg,0.9706744868035191,0.09090909090909091,0.115975935828877,33.0
