,precision,recall,f1-score,support
0.0,1.0,0.8484848484848485,0.9180327868852458,33.0
1.0,0.0,0.0,0.0,0.0
accuracy,,,0.8484848484848485,33.0
macro avg,0.5,0.42424242424242425,0.4590163934426229,33.0
weighted avg,1.0,0.8484848484848485,0.9180327868852458,33.0
