,precision,recall,f1-score,support
0.0,1.0,0.8787878787878788,0.9354838709677419,33.0
1.0,0.0,0.0,0.0,0.0
accuracy,,,0.8787878787878788,33.0
macro avg,0.5,0.4393939393939394,0.46774193548387094,33.0
weighted avg,1.0,0.8787878787878788,0.9354838709677419,33.0
