,precision,recall,f1-score,support
0.0,1.0,0.696969696969697,0.8214285714285715,33.0
1.0,0.0,0.0,0.0,0.0
accuracy,,,0.696969696969697,33.0
macro avg,0.5,0.3484848484848485,0.41071428571428575,33.0
weighted avg,1.0,0.696969696969697,0.8214285714285715,33.0
