,precision,recall,f1-score,support
0.0,1.0,0.9090909090909091,0.9523809523809523,33.0
1.0,0.0,0.0,0.0,0.0
accuracy,,,0.9090909090909091,33.0
macro avg,0.5,0.45454545454545453,0.47619047619047616,33.0
weighted avg,1.0,0.9090909090909091,0.9523809523809523,33.0
