,precision,recall,f1-score,support
0.0,1.0,0.03125,0.06060606060606061,32.0
1.0,0.03125,1.0,0.06060606060606061,1.0
accuracy,,,0.06060606060606061,33.0
macro avg,0.515625,0.515625,0.06060606060606061,33.0
weighted avg,0.9706439393939394,0.06060606060606061,0.06060606060606061,33.0
