,precision,recall,f1-score,support
0.0,1.0,0.875,0.9333333333333333,32.0
1.0,0.2,1.0,0.33333333333333337,1.0
accuracy,,,0.8787878787878788,33.0
macro avg,0.6,0.9375,0.6333333333333333,33.0
weighted avg,0.9757575757575758,0.8787878787878788,0.9151515151515152,33.0
