,precision,recall,f1-score,support
0.0,1.0,0.8181818181818182,0.9,33.0
1.0,0.0,0.0,0.0,0.0
accuracy,,,0.8181818181818182,33.0
macro avg,0.5,0.4090909090909091,0.45,33.0
weighted avg,1.0,0.8181818181818182,0.9,33.0
