,precision,recall,f1-score,support
0.0,1.0,0.030303030303030304,0.05882352941176471,33.0
1.0,0.0,0.0,0.0,0.0
accuracy,,,0.030303030303030304,33.0
macro avg,0.5,0.015151515151515152,0.029411764705882356,33.0
weighted avg,1.0,0.030303030303030304,0.05882352941176471,33.0
