,precision,recall,f1-score,support
0.0,1.0,0.9696969696969697,0.9846153846153847,33.0
1.0,0.0,0.0,0.0,0.0
accuracy,,,0.9696969696969697,33.0
macro avg,0.5,0.48484848484848486,0.49230769230769234,33.0
weighted avg,1.0,0.9696969696969697,0.9846153846153846,33.0
