,precision,recall,f1-score,support
0.0,1.0,0.18181818181818182,0.3076923076923077,33.0
1.0,0.0,0.0,0.0,0.0
accuracy,,,0.18181818181818182,33.0
macro avg,0.5,0.09090909090909091,0.15384615384615385,33.0
weighted avg,1.0,0.18181818181818182,0.3076923076923077,33.0
