,precision,recall,f1-score,support
0.0,1.0,0.6060606060606061,0.7547169811320755,33.0
1.0,0.0,0.0,0.0,0.0
accuracy,,,0.6060606060606061,33.0
macro avg,0.5,0.30303030303030304,0.37735849056603776,33.0
weighted avg,1.0,0.6060606060606061,0.7547169811320755,33.0
