,precision,recall,f1-score,support
0.0,1.0,0.12121212121212122,0.21621621621621626,33.0
1.0,0.0,0.0,0.0,0.0
accuracy,,,0.12121212121212122,33.0
macro avg,0.5,0.06060606060606061,0.10810810810810813,33.0
weighted avg,1.0,0.12121212121212122,0.21621621621621626,33.0
