,precision,recall,f1-score,support
0.0,1.0,0.7272727272727273,0.8421052631578948,33.0
1.0,0.0,0.0,0.0,0.0
accuracy,,,0.7272727272727273,33.0
macro avg,0.5,0.36363636363636365,0.4210526315789474,33.0
weighted avg,1.0,0.7272727272727273,0.8421052631578948,33.0
