,precision,recall,f1-score,support
0.0,0.96875,0.96875,0.96875,32.0
1.0,0.0,0.0,0.0,1.0
accuracy,,,0.9393939393939394,33.0
macro avg,0.484375,0.484375,0.484375,33.0
weighted avg,0.9393939393939394,0.9393939393939394,0.9393939393939394,33.0
