,precision,recall,f1-score,support
0.0,1.0,0.4878048780487805,0.6557377049180327,41.0
1.0,0.0,0.0,0.0,0.0
accuracy,,,0.4878048780487805,41.0
macro avg,0.5,0.24390243902439024,0.32786885245901637,41.0
weighted avg,1.0,0.4878048780487805,0.6557377049180327,41.0
