,precision,recall,f1-score,support
0.0,1.0,0.975609756097561,0.9876543209876543,41.0
1.0,0.0,0.0,0.0,0.0
accuracy,,,0.975609756097561,41.0
macro avg,0.5,0.4878048780487805,0.49382716049382713,41.0
weighted avg,1.0,0.975609756097561,0.9876543209876542,41.0
