,precision,recall,f1-score,support
0.0,1.0,0.325,0.4905660377358491,40.0
1.0,0.03571428571428571,1.0,0.0689655172413793,1.0
accuracy,,,0.34146341463414637,41.0
macro avg,0.5178571428571429,0.6625,0.2797657774886142,41.0
weighted avg,0.9764808362369338,0.34146341463414637,0.4802830982115938,41.0
