,precision,recall,f1-score,support
0.0,1.0,0.024390243902439025,0.047619047619047616,41.0
1.0,0.0,0.0,0.0,0.0
accuracy,,,0.024390243902439025,41.0
macro avg,0.5,0.012195121951219513,0.023809523809523808,41.0
weighted avg,1.0,0.024390243902439025,0.047619047619047616,41.0
