,precision,recall,f1-score,support
0.0,1.0,0.5609756097560976,0.71875,41.0
1.0,0.0,0.0,0.0,0.0
accuracy,,,0.5609756097560976,41.0
macro avg,0.5,0.2804878048780488,0.359375,41.0
weighted avg,1.0,0.5609756097560976,0.71875,41.0
