,precision,recall,f1-score,support
0.0,1.0,0.9512195121951219,0.975,41.0
1.0,0.0,0.0,0.0,0.0
accuracy,,,0.9512195121951219,41.0
macro avg,0.5,0.47560975609756095,0.4875,41.0
weighted avg,1.0,0.9512195121951219,0.9750000000000001,41.0
