,precision,recall,f1-score,support
0.0,1.0,0.2682926829268293,0.4230769230769231,41.0
1.0,0.0,0.0,0.0,0.0
accuracy,,,0.2682926829268293,41.0
macro avg,0.5,0.13414634146341464,0.21153846153846154,41.0
weighted avg,1.0,0.2682926829268293,0.4230769230769231,41.0
