,precision,recall,f1-score,support
0.0,1.0,0.7073170731707317,0.8285714285714285,41.0
1.0,0.0,0.0,0.0,0.0
accuracy,,,0.7073170731707317,41.0
macro avg,0.5,0.35365853658536583,0.41428571428571426,41.0
weighted avg,1.0,0.7073170731707317,0.8285714285714285,41.0
