,precision,recall,f1-score,support
0.0,1.0,0.21951219512195122,0.36,41.0
1.0,0.0,0.0,0.0,0.0
accuracy,,,0.21951219512195122,41.0
macro avg,0.5,0.10975609756097561,0.18,41.0
weighted avg,1.0,0.21951219512195122,0.36,41.0
