,precision,recall,f1-score,support
0.0,1.0,0.1951219512195122,0.326530612244898,41.0
1.0,0.0,0.0,0.0,0.0
accuracy,,,0.1951219512195122,41.0
macro avg,0.5,0.0975609756097561,0.163265306122449,41.0
weighted avg,1.0,0.1951219512195122,0.326530612244898,41.0
