,precision,recall,f1-score,support
0.0,1.0,0.2926829268292683,0.45283018867924524,41.0
1.0,0.0,0.0,0.0,0.0
accuracy,,,0.2926829268292683,41.0
macro avg,0.5,0.14634146341463414,0.22641509433962262,41.0
weighted avg,1.0,0.2926829268292683,0.45283018867924524,41.0
