,precision,recall,f1-score,support
0.0,1.0,0.4634146341463415,0.6333333333333334,41.0
1.0,0.0,0.0,0.0,0.0
accuracy,,,0.4634146341463415,41.0
macro avg,0.5,0.23170731707317074,0.3166666666666667,41.0
weighted avg,1.0,0.4634146341463415,0.6333333333333334,41.0
