,precision,recall,f1-score,support
0.0,1.0,0.8780487804878049,0.9350649350649352,41.0
1.0,0.0,0.0,0.0,0.0
accuracy,,,0.8780487804878049,41.0
macro avg,0.5,0.43902439024390244,0.4675324675324676,41.0
weighted avg,1.0,0.8780487804878049,0.9350649350649353,41.0
