,precision,recall,f1-score,support
0.0,1.0,0.5853658536585366,0.7384615384615384,41.0
1.0,0.0,0.0,0.0,0.0
accuracy,,,0.5853658536585366,41.0
macro avg,0.5,0.2926829268292683,0.3692307692307692,41.0
weighted avg,1.0,0.5853658536585366,0.7384615384615384,41.0
