,precision,recall,f1-score,support
0.0,1.0,0.6097560975609756,0.7575757575757575,41.0
1.0,0.0,0.0,0.0,0.0
accuracy,,,0.6097560975609756,41.0
macro avg,0.5,0.3048780487804878,0.37878787878787873,41.0
weighted avg,1.0,0.6097560975609756,0.7575757575757575,41.0
