,precision,recall,f1-score,support
0.0,1.0,0.6585365853658537,0.7941176470588235,41.0
1.0,0.0,0.0,0.0,0.0
accuracy,,,0.6585365853658537,41.0
macro avg,0.5,0.32926829268292684,0.39705882352941174,41.0
weighted avg,1.0,0.6585365853658537,0.7941176470588235,41.0
