,precision,recall,f1-score,support
0.0,1.0,0.3170731707317073,0.48148148148148145,41.0
1.0,0.0,0.0,0.0,0.0
accuracy,,,0.3170731707317073,41.0
macro avg,0.5,0.15853658536585366,0.24074074074074073,41.0
weighted avg,1.0,0.3170731707317073,0.48148148148148145,41.0
