,precision,recall,f1-score,support
0.0,1.0,0.5,0.6666666666666666,40.0
1.0,0.047619047619047616,1.0,0.0909090909090909,1.0
accuracy,,,0.5121951219512195,41.0
macro avg,0.5238095238095238,0.75,0.3787878787878788,41.0
weighted avg,0.9767711962833915,0.5121951219512195,0.6526237989652623,41.0
