,precision,recall,f1-score,support
0.0,0.9722222222222222,0.875,0.9210526315789473,40.0
1.0,0.0,0.0,0.0,1.0
accuracy,,,0.8536585365853658,41.0
macro avg,0.4861111111111111,0.4375,0.4605263157894737,41.0
weighted avg,0.9485094850948509,0.8536585365853658,0.8985879332477534,41.0
