,precision,recall,f1-score,support
0.0,1.0,0.275,0.4313725490196079,40.0
1.0,0.03333333333333333,1.0,0.06451612903225806,1.0
accuracy,,,0.2926829268292683,41.0
macro avg,0.5166666666666667,0.6375,0.247944339025933,41.0
weighted avg,0.9764227642276422,0.2926829268292683,0.4224248314589409,41.0
