,precision,recall,f1-score,support
0.0,1.0,0.7804878048780488,0.8767123287671234,41.0
1.0,0.0,0.0,0.0,0.0
accuracy,,,0.7804878048780488,41.0
macro avg,0.5,0.3902439024390244,0.4383561643835617,41.0
weighted avg,1.0,0.7804878048780488,0.8767123287671234,41.0
