,precision,recall,f1-score,support
0.0,1.0,0.0975609756097561,0.17777777777777776,41.0
1.0,0.0,0.0,0.0,0.0
accuracy,,,0.0975609756097561,41.0
macro avg,0.5,0.04878048780487805,0.08888888888888888,41.0
weighted avg,1.0,0.0975609756097561,0.17777777777777776,41.0
