,precision,recall,f1-score,support
0.0,1.0,0.5365853658536586,0.6984126984126985,41.0
1.0,0.0,0.0,0.0,0.0
accuracy,,,0.5365853658536586,41.0
macro avg,0.5,0.2682926829268293,0.34920634920634924,41.0
weighted avg,1.0,0.5365853658536586,0.6984126984126985,41.0
