,precision,recall,f1-score,support
0.0,0.96875,0.9117647058823529,0.9393939393939394,34.0
1.0,0.0,0.0,0.0,1.0
accuracy,,,0.8857142857142857,35.0
macro avg,0.484375,0.45588235294117646,0.4696969696969697,35.0
weighted avg,0.9410714285714286,0.8857142857142857,0.9125541125541126,35.0
