,precision,recall,f1-score,support
0.0,1.0,0.22857142857142856,0.3720930232558139,35.0
1.0,0.0,0.0,0.0,0.0
accuracy,,,0.22857142857142856,35.0
macro avg,0.5,0.11428571428571428,0.18604651162790695,35.0
weighted avg,1.0,0.22857142857142856,0.3720930232558139,35.0
