,precision,recall,f1-score,support
0.0,0.95,0.5588235294117647,0.7037037037037037,34.0
1.0,0.0,0.0,0.0,1.0
accuracy,,,0.5428571428571428,35.0
macro avg,0.475,0.27941176470588236,0.35185185185185186,35.0
weighted avg,0.9228571428571428,0.5428571428571428,0.6835978835978836,35.0
