,precision,recall,f1-score,support
0.0,1.0,0.11428571428571428,0.20512820512820512,35.0
1.0,0.0,0.0,0.0,0.0
accuracy,,,0.11428571428571428,35.0
macro avg,0.5,0.05714285714285714,0.10256410256410256,35.0
weighted avg,1.0,0.11428571428571428,0.20512820512820512,35.0
