,precision,recall,f1-score,support
0.0,1.0,0.23529411764705882,0.38095238095238093,34.0
1.0,0.037037037037037035,1.0,0.07142857142857142,1.0
accuracy,,,0.2571428571428571,35.0
macro avg,0.5185185185185185,0.6176470588235294,0.22619047619047616,35.0
weighted avg,0.9724867724867725,0.2571428571428571,0.37210884353741497,35.0
