,precision,recall,f1-score,support
0.0,1.0,0.6857142857142857,0.8135593220338984,35.0
1.0,0.0,0.0,0.0,0.0
accuracy,,,0.6857142857142857,35.0
macro avg,0.5,0.34285714285714286,0.4067796610169492,35.0
weighted avg,1.0,0.6857142857142857,0.8135593220338984,35.0
