,precision,recall,f1-score,support
0.0,1.0,0.058823529411764705,0.1111111111111111,34.0
1.0,0.030303030303030304,1.0,0.05882352941176471,1.0
accuracy,,,0.08571428571428572,35.0
macro avg,0.5151515151515151,0.5294117647058824,0.08496732026143791,35.0
weighted avg,0.9722943722943723,0.08571428571428572,0.10961718020541548,35.0
