,precision,recall,f1-score,support
0.0,1.0,0.7428571428571429,0.8524590163934427,35.0
1.0,0.0,0.0,0.0,0.0
accuracy,,,0.7428571428571429,35.0
macro avg,0.5,0.37142857142857144,0.42622950819672134,35.0
weighted avg,1.0,0.7428571428571429,0.8524590163934427,35.0
