,precision,recall,f1-score,support
0.0,1.0,0.9142857142857143,0.955223880597015,35.0
1.0,0.0,0.0,0.0,0.0
accuracy,,,0.9142857142857143,35.0
macro avg,0.5,0.45714285714285713,0.4776119402985075,35.0
weighted avg,1.0,0.9142857142857143,0.955223880597015,35.0
