,precision,recall,f1-score,support
0.0,0.9615384615384616,0.7352941176470589,0.8333333333333333,34.0
1.0,0.0,0.0,0.0,1.0
accuracy,,,0.7142857142857143,35.0
macro avg,0.4807692307692308,0.36764705882352944,0.41666666666666663,35.0
weighted avg,0.9340659340659341,0.7142857142857143,0.8095238095238095,35.0
