,precision,recall,f1-score,support
0.0,1.0,0.2571428571428571,0.40909090909090906,35.0
1.0,0.0,0.0,0.0,0.0
accuracy,,,0.2571428571428571,35.0
macro avg,0.5,0.12857142857142856,0.20454545454545453,35.0
weighted avg,1.0,0.2571428571428571,0.40909090909090906,35.0
