,precision,recall,f1-score,support
0.0,1.0,0.6571428571428571,0.7931034482758621,35.0
1.0,0.0,0.0,0.0,0.0
accuracy,,,0.6571428571428571,35.0
macro avg,0.5,0.32857142857142857,0.39655172413793105,35.0
weighted avg,1.0,0.6571428571428571,0.7931034482758621,35.0
