,precision,recall,f1-score,support
0.0,1.0,0.2,0.33333333333333337,35.0
1.0,0.0,0.0,0.0,0.0
accuracy,,,0.2,35.0
macro avg,0.5,0.1,0.16666666666666669,35.0
weighted avg,1.0,0.2,0.33333333333333337,35.0
