,precision,recall,f1-score,support
0.0,1.0,0.7714285714285715,0.870967741935484,35.0
1.0,0.0,0.0,0.0,0.0
accuracy,,,0.7714285714285715,35.0
macro avg,0.5,0.38571428571428573,0.435483870967742,35.0
weighted avg,1.0,0.7714285714285715,0.870967741935484,35.0
