,precision,recall,f1-score,support
0.0,0.4791666666666667,0.92,0.6301369863013699,25.0
1.0,0.0,0.0,0.0,25.0
accuracy,,,0.46,50.0
macro avg,0.23958333333333334,0.46,0.31506849315068497,50.0
weighted avg,0.23958333333333337,0.46,0.31506849315068497,50.0
