,precision,recall,f1-score,support
0.0,0.36585365853658536,0.5769230769230769,0.44776119402985076,26.0
1.0,0.0,0.0,0.0,26.0
accuracy,,,0.28846153846153844,52.0
macro avg,0.18292682926829268,0.28846153846153844,0.22388059701492538,52.0
weighted avg,0.18292682926829268,0.28846153846153844,0.22388059701492538,52.0
