,precision,recall,f1-score,support
0.0,0.38095238095238093,0.6153846153846154,0.47058823529411764,26.0
1.0,0.0,0.0,0.0,26.0
accuracy,,,0.3076923076923077,52.0
macro avg,0.19047619047619047,0.3076923076923077,0.23529411764705882,52.0
weighted avg,0.1904761904761905,0.3076923076923077,0.23529411764705882,52.0
