,precision,recall,f1-score,support
0.0,0.5333333333333333,0.64,0.5818181818181818,25.0
1.0,0.55,0.44,0.48888888888888893,25.0
accuracy,,,0.54,50.0
macro avg,0.5416666666666667,0.54,0.5353535353535354,50.0
weighted avg,0.5416666666666667,0.54,0.5353535353535354,50.0
