,precision,recall,f1-score,support
0.0,1.0,0.4,0.5714285714285715,25.0
1.0,0.625,1.0,0.7692307692307693,25.0
accuracy,,,0.7,50.0
macro avg,0.8125,0.7,0.6703296703296704,50.0
weighted avg,0.8125,0.7,0.6703296703296704,50.0
