,precision,recall,f1-score,support
0.0,0.43478260869565216,0.7692307692307693,0.5555555555555555,26.0
1.0,0.0,0.0,0.0,26.0
accuracy,,,0.38461538461538464,52.0
macro avg,0.21739130434782608,0.38461538461538464,0.27777777777777773,52.0
weighted avg,0.2173913043478261,0.38461538461538464,0.27777777777777773,52.0
