,precision,recall,f1-score,support
0.0,0.375,0.6,0.4615384615384615,25.0
1.0,0.0,0.0,0.0,25.0
accuracy,,,0.3,50.0
macro avg,0.1875,0.3,0.23076923076923075,50.0
weighted avg,0.1875,0.3,0.23076923076923075,50.0
