,precision,recall,f1-score,support
0.0,0.46808510638297873,0.88,0.6111111111111112,25.0
1.0,0.0,0.0,0.0,25.0
accuracy,,,0.44,50.0
macro avg,0.23404255319148937,0.44,0.3055555555555556,50.0
weighted avg,0.23404255319148937,0.44,0.3055555555555556,50.0
