,precision,recall,f1-score,support
0.0,0.358974358974359,0.56,0.4375,25.0
1.0,0.0,0.0,0.0,25.0
accuracy,,,0.28,50.0
macro avg,0.1794871794871795,0.28,0.21875,50.0
weighted avg,0.1794871794871795,0.28,0.21875,50.0
