,precision,recall,f1-score,support
0.0,1.0,0.68,0.8095238095238095,25.0
1.0,0.7575757575757576,1.0,0.8620689655172413,25.0
accuracy,,,0.84,50.0
macro avg,0.8787878787878788,0.8400000000000001,0.8357963875205254,50.0
weighted avg,0.8787878787878788,0.84,0.8357963875205254,50.0
