,precision,recall,f1-score,support
0.0,0.42857142857142855,0.75,0.5454545454545454,24.0
1.0,0.0,0.0,0.0,24.0
accuracy,,,0.375,48.0
macro avg,0.21428571428571427,0.375,0.2727272727272727,48.0
weighted avg,0.21428571428571427,0.375,0.2727272727272727,48.0
