,precision,recall,f1-score,support
0.0,0.5925925925925926,0.64,0.6153846153846153,25.0
1.0,0.6086956521739131,0.56,0.5833333333333334,25.0
accuracy,,,0.6,50.0
macro avg,0.6006441223832528,0.6000000000000001,0.5993589743589743,50.0
weighted avg,0.6006441223832528,0.6,0.5993589743589743,50.0
