,precision,recall,f1-score,support
0.0,1.0,0.7692307692307693,0.8695652173913044,26.0
1.0,0.8125,1.0,0.896551724137931,26.0
accuracy,,,0.8846153846153846,52.0
macro avg,0.90625,0.8846153846153846,0.8830584707646177,52.0
weighted avg,0.90625,0.8846153846153846,0.8830584707646177,52.0
