,precision,recall,f1-score,support
0.0,1.0,0.24242424242424243,0.3902439024390244,33.0
1.0,0.0,0.0,0.0,0.0
accuracy,,,0.24242424242424243,33.0
macro avg,0.5,0.12121212121212122,0.1951219512195122,33.0
weighted avg,1.0,0.24242424242424243,0.3902439024390244,33.0
