,precision,recall,f1-score,support
0.0,1.0,0.36363636363636365,0.5333333333333333,33.0
1.0,0.0,0.0,0.0,0.0
accuracy,,,0.36363636363636365,33.0
macro avg,0.5,0.18181818181818182,0.26666666666666666,33.0
weighted avg,1.0,0.36363636363636365,0.5333333333333333,33.0
