,precision,recall,f1-score,support
0.0,1.0,0.15151515151515152,0.2631578947368421,33.0
1.0,0.0,0.0,0.0,0.0
accuracy,,,0.15151515151515152,33.0
macro avg,0.5,0.07575757575757576,0.13157894736842105,33.0
weighted avg,1.0,0.15151515151515152,0.2631578947368421,33.0
