,precision,recall,f1-score,support
0.0,1.0,0.09090909090909091,0.16666666666666669,33.0
1.0,0.0,0.0,0.0,0.0
accuracy,,,0.09090909090909091,33.0
macro avg,0.5,0.045454545454545456,0.08333333333333334,33.0
weighted avg,1.0,0.09090909090909091,0.16666666666666669,33.0
