,precision,recall,f1-score,support
0.0,1.0,0.42424242424242425,0.5957446808510638,33.0
1.0,0.0,0.0,0.0,0.0
accuracy,,,0.42424242424242425,33.0
macro avg,0.5,0.21212121212121213,0.2978723404255319,33.0
weighted avg,1.0,0.42424242424242425,0.5957446808510638,33.0
