,precision,recall,f1-score,support
0.0,0.8,0.125,0.21621621621621623,32.0
1.0,0.0,0.0,0.0,1.0
accuracy,,,0.12121212121212122,33.0
macro avg,0.4,0.0625,0.10810810810810811,33.0
weighted avg,0.7757575757575758,0.12121212121212122,0.20966420966420968,33.0
