,precision,recall,f1-score,support
0.0,1.0,0.09375,0.17142857142857143,32.0
1.0,0.03333333333333333,1.0,0.06451612903225806,1.0
accuracy,,,0.12121212121212122,33.0
macro avg,0.5166666666666667,0.546875,0.11797235023041475,33.0
weighted avg,0.9707070707070706,0.12121212121212122,0.16818880044686496,33.0
