,precision,recall,f1-score,support
0.0,1.0,0.9393939393939394,0.96875,33.0
1.0,0.0,0.0,0.0,0.0
accuracy,,,0.9393939393939394,33.0
macro avg,0.5,0.4696969696969697,0.484375,33.0
weighted avg,1.0,0.9393939393939394,0.96875,33.0
