,precision,recall,f1-score,support
0.0,1.0,0.7575757575757576,0.8620689655172413,33.0
1.0,0.0,0.0,0.0,0.0
accuracy,,,0.7575757575757576,33.0
macro avg,0.5,0.3787878787878788,0.43103448275862066,33.0
weighted avg,1.0,0.7575757575757576,0.8620689655172413,33.0
