,precision,recall,f1-score,support
0.0,1.0,0.6363636363636364,0.7777777777777778,33.0
1.0,0.0,0.0,0.0,0.0
accuracy,,,0.6363636363636364,33.0
macro avg,0.5,0.3181818181818182,0.3888888888888889,33.0
weighted avg,1.0,0.6363636363636364,0.7777777777777778,33.0
