,precision,recall,f1-score,support
0.0,1.0,0.5151515151515151,0.6799999999999999,33.0
1.0,0.0,0.0,0.0,0.0
accuracy,,,0.5151515151515151,33.0
macro avg,0.5,0.25757575757575757,0.33999999999999997,33.0
weighted avg,1.0,0.5151515151515151,0.6799999999999999,33.0
