,precision,recall,f1-score,support
0.0,1.0,0.3939393939393939,0.5652173913043478,33.0
1.0,0.0,0.0,0.0,0.0
accuracy,,,0.3939393939393939,33.0
macro avg,0.5,0.19696969696969696,0.2826086956521739,33.0
weighted avg,1.0,0.3939393939393939,0.5652173913043478,33.0
