,precision,recall,f1-score,support
0.0,1.0,0.5757575757575758,0.7307692307692308,33.0
1.0,0.0,0.0,0.0,0.0
accuracy,,,0.5757575757575758,33.0
macro avg,0.5,0.2878787878787879,0.3653846153846154,33.0
weighted avg,1.0,0.5757575757575758,0.7307692307692308,33.0
