,precision,recall,f1-score,support
0.0,0.9473684210526315,0.5625,0.7058823529411765,32.0
1.0,0.0,0.0,0.0,1.0
accuracy,,,0.5454545454545454,33.0
macro avg,0.47368421052631576,0.28125,0.35294117647058826,33.0
weighted avg,0.9186602870813396,0.5454545454545454,0.6844919786096257,33.0
