,precision,recall,f1-score,support
0.0,1.0,0.6170212765957447,0.763157894736842,47.0
1.0,0.0,0.0,0.0,0.0
accuracy,,,0.6170212765957447,47.0
macro avg,0.5,0.30851063829787234,0.381578947368421,47.0
weighted avg,1.0,0.6170212765957447,0.763157894736842,47.0
