,precision,recall,f1-score,support
0.0,0.9767441860465116,0.9130434782608695,0.9438202247191011,46.0
1.0,0.0,0.0,0.0,1.0
accuracy,,,0.8936170212765957,47.0
macro avg,0.4883720930232558,0.45652173913043476,0.47191011235955055,47.0
weighted avg,0.9559623948540327,0.8936170212765957,0.9237389433420989,47.0
