,precision,recall,f1-score,support
0.0,1.0,0.9574468085106383,0.9782608695652174,47.0
1.0,0.0,0.0,0.0,0.0
accuracy,,,0.9574468085106383,47.0
macro avg,0.5,0.4787234042553192,0.4891304347826087,47.0
weighted avg,1.0,0.9574468085106383,0.9782608695652174,47.0
