,precision,recall,f1-score,support
0.0,0.9761904761904762,0.8913043478260869,0.9318181818181818,46.0
1.0,0.0,0.0,0.0,1.0
accuracy,,,0.8723404255319149,47.0
macro avg,0.4880952380952381,0.44565217391304346,0.4659090909090909,47.0
weighted avg,0.955420466058764,0.8723404255319149,0.9119922630560927,47.0
