,precision,recall,f1-score,support
0.0,0.9333333333333333,0.30434782608695654,0.45901639344262296,46.0
1.0,0.0,0.0,0.0,1.0
accuracy,,,0.2978723404255319,47.0
macro avg,0.4666666666666667,0.15217391304347827,0.22950819672131148,47.0
weighted avg,0.9134751773049646,0.2978723404255319,0.4492500871991629,47.0
