,precision,recall,f1-score,support
0.0,1.0,0.6808510638297872,0.810126582278481,47.0
1.0,0.0,0.0,0.0,0.0
accuracy,,,0.6808510638297872,47.0
macro avg,0.5,0.3404255319148936,0.4050632911392405,47.0
weighted avg,1.0,0.6808510638297872,0.810126582278481,47.0
