,precision,recall,f1-score,support
0.0,1.0,0.7872340425531915,0.880952380952381,47.0
1.0,0.0,0.0,0.0,0.0
accuracy,,,0.7872340425531915,47.0
macro avg,0.5,0.39361702127659576,0.4404761904761905,47.0
weighted avg,1.0,0.7872340425531915,0.8809523809523812,47.0
