,precision,recall,f1-score,support
0.0,0.9696969696969697,0.6956521739130435,0.810126582278481,46.0
1.0,0.0,0.0,0.0,1.0
accuracy,,,0.6808510638297872,47.0
macro avg,0.48484848484848486,0.34782608695652173,0.4050632911392405,47.0
weighted avg,0.9490651192778853,0.6808510638297872,0.7928898464853218,47.0
