,precision,recall,f1-score,support
0.0,1.0,0.3191489361702128,0.48387096774193555,47.0
1.0,0.0,0.0,0.0,0.0
accuracy,,,0.3191489361702128,47.0
macro avg,0.5,0.1595744680851064,0.24193548387096778,47.0
weighted avg,1.0,0.3191489361702128,0.48387096774193555,47.0
