,precision,recall,f1-score,support
0.0,1.0,0.13043478260869565,0.23076923076923078,46.0
1.0,0.024390243902439025,1.0,0.047619047619047616,1.0
accuracy,,,0.14893617021276595,47.0
macro avg,0.5121951219512195,0.5652173913043478,0.1391941391941392,47.0
weighted avg,0.9792423456149455,0.14893617021276595,0.2268724183617801,47.0
