,precision,recall,f1-score,support
0.0,1.0,0.9148936170212766,0.9555555555555556,47.0
1.0,0.0,0.0,0.0,0.0
accuracy,,,0.9148936170212766,47.0
macro avg,0.5,0.4574468085106383,0.4777777777777778,47.0
weighted avg,1.0,0.9148936170212766,0.9555555555555556,47.0
