,precision,recall,f1-score,support
0.0,0.9787234042553191,1.0,0.989247311827957,46.0
1.0,0.0,0.0,0.0,1.0
accuracy,,,0.9787234042553191,47.0
macro avg,0.48936170212765956,0.5,0.4946236559139785,47.0
weighted avg,0.9578995020371208,0.9787234042553191,0.9681994966826813,47.0
