,precision,recall,f1-score,support
0.0,1.0,0.7391304347826086,0.85,46.0
1.0,0.07692307692307693,1.0,0.14285714285714288,1.0
accuracy,,,0.7446808510638298,47.0
macro avg,0.5384615384615384,0.8695652173913043,0.49642857142857144,47.0
weighted avg,0.9803600654664485,0.7446808510638298,0.834954407294833,47.0
