,precision,recall,f1-score,support
0.0,1.0,0.6382978723404256,0.7792207792207793,47.0
1.0,0.0,0.0,0.0,0.0
accuracy,,,0.6382978723404256,47.0
macro avg,0.5,0.3191489361702128,0.38961038961038963,47.0
weighted avg,1.0,0.6382978723404256,0.7792207792207791,47.0
