,precision,recall,f1-score,support
0.0,1.0,0.5957446808510638,0.7466666666666666,47.0
1.0,0.0,0.0,0.0,0.0
accuracy,,,0.5957446808510638,47.0
macro avg,0.5,0.2978723404255319,0.3733333333333333,47.0
weighted avg,1.0,0.5957446808510638,0.7466666666666665,47.0
