,precision,recall,f1-score,support
0.0,1.0,0.48936170212765956,0.6571428571428571,47.0
1.0,0.0,0.0,0.0,0.0
accuracy,,,0.48936170212765956,47.0
macro avg,0.5,0.24468085106382978,0.32857142857142857,47.0
weighted avg,1.0,0.48936170212765956,0.6571428571428571,47.0
