,precision,recall,f1-score,support
0.0,1.0,0.2553191489361702,0.4067796610169491,47.0
1.0,0.0,0.0,0.0,0.0
accuracy,,,0.2553191489361702,47.0
macro avg,0.5,0.1276595744680851,0.20338983050847456,47.0
weighted avg,1.0,0.2553191489361702,0.4067796610169491,47.0
