,precision,recall,f1-score,support
0.0,0.37777777777777777,0.6071428571428571,0.4657534246575342,28.0
1.0,0.0,0.0,0.0,28.0
accuracy,,,0.30357142857142855,56.0
macro avg,0.18888888888888888,0.30357142857142855,0.2328767123287671,56.0
weighted avg,0.18888888888888888,0.30357142857142855,0.2328767123287671,56.0
