,precision,recall,f1-score,support
0.0,0.3170731707317073,0.4642857142857143,0.3768115942028986,28.0
1.0,0.0,0.0,0.0,28.0
accuracy,,,0.23214285714285715,56.0
macro avg,0.15853658536585366,0.23214285714285715,0.1884057971014493,56.0
weighted avg,0.15853658536585366,0.23214285714285715,0.1884057971014493,56.0
