,precision,recall,f1-score,support
0.0,0.44,0.7857142857142857,0.5641025641025641,28.0
1.0,0.0,0.0,0.0,28.0
accuracy,,,0.39285714285714285,56.0
macro avg,0.22,0.39285714285714285,0.28205128205128205,56.0
weighted avg,0.22,0.39285714285714285,0.28205128205128205,56.0
