,precision,recall,f1-score,support
0.0,0.46153846153846156,0.8571428571428571,0.6,28.0
1.0,0.0,0.0,0.0,28.0
accuracy,,,0.42857142857142855,56.0
macro avg,0.23076923076923078,0.42857142857142855,0.3,56.0
weighted avg,0.23076923076923078,0.42857142857142855,0.3,56.0
