,precision,recall,f1-score,support
0.0,1.0,0.75,0.8571428571428571,28.0
1.0,0.8,1.0,0.888888888888889,28.0
accuracy,,,0.875,56.0
macro avg,0.9,0.875,0.873015873015873,56.0
weighted avg,0.9000000000000001,0.875,0.8730158730158729,56.0
