,precision,recall,f1-score,support
0.0,0.4411764705882353,0.5769230769230769,0.5,26.0
1.0,0.3888888888888889,0.2692307692307692,0.3181818181818182,26.0
accuracy,,,0.4230769230769231,52.0
macro avg,0.41503267973856206,0.423076923076923,0.40909090909090906,52.0
weighted avg,0.4150326797385621,0.4230769230769231,0.4090909090909091,52.0
