,precision,recall,f1-score,support
0.0,1.0,0.48148148148148145,0.65,27.0
1.0,0.6585365853658537,1.0,0.7941176470588235,27.0
accuracy,,,0.7407407407407407,54.0
macro avg,0.8292682926829269,0.7407407407407407,0.7220588235294118,54.0
weighted avg,0.8292682926829268,0.7407407407407407,0.7220588235294118,54.0
