,precision,recall,f1-score,support
0.0,0.4909090909090909,0.9642857142857143,0.6506024096385543,28.0
1.0,0.0,0.0,0.0,28.0
accuracy,,,0.48214285714285715,56.0
macro avg,0.24545454545454545,0.48214285714285715,0.32530120481927716,56.0
weighted avg,0.24545454545454545,0.48214285714285715,0.32530120481927716,56.0
