,precision,recall,f1-score,support
0.0,0.3333333333333333,0.5,0.4,28.0
1.0,0.0,0.0,0.0,28.0
accuracy,,,0.25,56.0
macro avg,0.16666666666666666,0.25,0.2,56.0
weighted avg,0.16666666666666666,0.25,0.2,56.0
