,precision,recall,f1-score,support
0.0,0.40425531914893614,0.6785714285714286,0.5066666666666666,28.0
1.0,0.0,0.0,0.0,28.0
accuracy,,,0.3392857142857143,56.0
macro avg,0.20212765957446807,0.3392857142857143,0.2533333333333333,56.0
weighted avg,0.20212765957446807,0.3392857142857143,0.2533333333333333,56.0
