,precision,recall,f1-score,support
0.0,0.4489795918367347,0.8148148148148148,0.5789473684210527,27.0
1.0,0.0,0.0,0.0,27.0
accuracy,,,0.4074074074074074,54.0
macro avg,0.22448979591836735,0.4074074074074074,0.2894736842105263,54.0
weighted avg,0.22448979591836735,0.4074074074074074,0.2894736842105263,54.0
