,precision,recall,f1-score,support
0.0,1.0,0.7142857142857143,0.8333333333333333,28.0
1.0,0.7777777777777778,1.0,0.8750000000000001,28.0
accuracy,,,0.8571428571428571,56.0
macro avg,0.8888888888888888,0.8571428571428572,0.8541666666666667,56.0
weighted avg,0.888888888888889,0.8571428571428571,0.8541666666666667,56.0
