,precision,recall,f1-score,support
0.0,0.3488372093023256,0.5357142857142857,0.4225352112676056,28.0
1.0,0.0,0.0,0.0,28.0
accuracy,,,0.26785714285714285,56.0
macro avg,0.1744186046511628,0.26785714285714285,0.2112676056338028,56.0
weighted avg,0.1744186046511628,0.26785714285714285,0.2112676056338028,56.0
