,precision,recall,f1-score,support
0.0,0.45098039215686275,0.8214285714285714,0.5822784810126583,28.0
1.0,0.0,0.0,0.0,28.0
accuracy,,,0.4107142857142857,56.0
macro avg,0.22549019607843138,0.4107142857142857,0.29113924050632917,56.0
weighted avg,0.22549019607843138,0.4107142857142857,0.29113924050632917,56.0
