,precision,recall,f1-score,support
0.0,0.3,0.42857142857142855,0.3529411764705882,28.0
1.0,0.0,0.0,0.0,28.0
accuracy,,,0.21428571428571427,56.0
macro avg,0.15,0.21428571428571427,0.1764705882352941,56.0
weighted avg,0.15,0.21428571428571427,0.1764705882352941,56.0
