,precision,recall,f1-score,support
0.0,0.4716981132075472,0.8928571428571429,0.617283950617284,28.0
1.0,0.0,0.0,0.0,28.0
accuracy,,,0.44642857142857145,56.0
macro avg,0.2358490566037736,0.44642857142857145,0.308641975308642,56.0
weighted avg,0.2358490566037736,0.44642857142857145,0.308641975308642,56.0
