,precision,recall,f1-score,support
0.0,0.9473684210526315,0.5294117647058824,0.679245283018868,34.0
1.0,0.0,0.0,0.0,1.0
accuracy,,,0.5142857142857142,35.0
macro avg,0.47368421052631576,0.2647058823529412,0.339622641509434,35.0
weighted avg,0.9203007518796992,0.5142857142857142,0.6598382749326147,35.0
