,precision,recall,f1-score,support
0.0,1.0,0.37142857142857144,0.5416666666666666,35.0
1.0,0.0,0.0,0.0,0.0
accuracy,,,0.37142857142857144,35.0
macro avg,0.5,0.18571428571428572,0.2708333333333333,35.0
weighted avg,1.0,0.37142857142857144,0.5416666666666666,35.0
