,precision,recall,f1-score,support
0.0,1.0,0.5714285714285714,0.7272727272727273,35.0
1.0,0.0,0.0,0.0,0.0
accuracy,,,0.5714285714285714,35.0
macro avg,0.5,0.2857142857142857,0.36363636363636365,35.0
weighted avg,1.0,0.5714285714285714,0.7272727272727273,35.0
