,precision,recall,f1-score,support
0.0,1.0,0.6176470588235294,0.7636363636363637,34.0
1.0,0.07142857142857142,1.0,0.13333333333333333,1.0
accuracy,,,0.6285714285714286,35.0
macro avg,0.5357142857142857,0.8088235294117647,0.4484848484848485,35.0
weighted avg,0.973469387755102,0.6285714285714286,0.7456277056277056,35.0
