,precision,recall,f1-score,support
0.0,1.0,0.2647058823529412,0.4186046511627907,34.0
1.0,0.038461538461538464,1.0,0.07407407407407407,1.0
accuracy,,,0.2857142857142857,35.0
macro avg,0.5192307692307693,0.6323529411764706,0.2463393626184324,35.0
weighted avg,0.9725274725274726,0.2857142857142857,0.4087609203888274,35.0
