,precision,recall,f1-score,support
0.0,1.0,0.6285714285714286,0.7719298245614035,35.0
1.0,0.0,0.0,0.0,0.0
accuracy,,,0.6285714285714286,35.0
macro avg,0.5,0.3142857142857143,0.38596491228070173,35.0
weighted avg,1.0,0.6285714285714286,0.7719298245614035,35.0
