,precision,recall,f1-score,support
0.0,1.0,0.5142857142857142,0.6792452830188679,35.0
1.0,0.0,0.0,0.0,0.0
accuracy,,,0.5142857142857142,35.0
macro avg,0.5,0.2571428571428571,0.33962264150943394,35.0
weighted avg,1.0,0.5142857142857142,0.6792452830188679,35.0
