,precision,recall,f1-score,support
0.0,1.0,0.42857142857142855,0.6,35.0
1.0,0.0,0.0,0.0,0.0
accuracy,,,0.42857142857142855,35.0
macro avg,0.5,0.21428571428571427,0.3,35.0
weighted avg,1.0,0.42857142857142855,0.6,35.0
