,precision,recall,f1-score,support
0.0,1.0,0.9428571428571428,0.9705882352941176,35.0
1.0,0.0,0.0,0.0,0.0
accuracy,,,0.9428571428571428,35.0
macro avg,0.5,0.4714285714285714,0.4852941176470588,35.0
weighted avg,1.0,0.9428571428571428,0.9705882352941176,35.0
