,precision,recall,f1-score,support
0.0,1.0,0.08823529411764706,0.1621621621621622,34.0
1.0,0.03125,1.0,0.06060606060606061,1.0
accuracy,,,0.11428571428571428,35.0
macro avg,0.515625,0.5441176470588235,0.1113841113841114,35.0
weighted avg,0.9723214285714286,0.11428571428571428,0.1592605592605593,35.0
