,precision,recall,f1-score,support
0.0,1.0,0.4857142857142857,0.6538461538461539,35.0
1.0,0.0,0.0,0.0,0.0
accuracy,,,0.4857142857142857,35.0
macro avg,0.5,0.24285714285714285,0.3269230769230769,35.0
weighted avg,1.0,0.4857142857142857,0.6538461538461539,35.0
