,precision,recall,f1-score,support
0.0,1.0,0.02857142857142857,0.05555555555555556,35.0
1.0,0.0,0.0,0.0,0.0
accuracy,,,0.02857142857142857,35.0
macro avg,0.5,0.014285714285714285,0.02777777777777778,35.0
weighted avg,1.0,0.02857142857142857,0.05555555555555556,35.0
