,precision,recall,f1-score,support
0.0,1.0,0.17142857142857143,0.2926829268292683,35.0
1.0,0.0,0.0,0.0,0.0
accuracy,,,0.17142857142857143,35.0
macro avg,0.5,0.08571428571428572,0.14634146341463414,35.0
weighted avg,1.0,0.17142857142857143,0.2926829268292683,35.0
