,precision,recall,f1-score,support
0.0,1.0,0.5882352941176471,0.7407407407407407,34.0
1.0,0.06666666666666667,1.0,0.125,1.0
accuracy,,,0.6,35.0
macro avg,0.5333333333333333,0.7941176470588236,0.43287037037037035,35.0
weighted avg,0.9733333333333334,0.6,0.7231481481481481,35.0
