,precision,recall,f1-score,support
0.0,0.9411764705882353,0.47058823529411764,0.627450980392157,34.0
1.0,0.0,0.0,0.0,1.0
accuracy,,,0.45714285714285713,35.0
macro avg,0.47058823529411764,0.23529411764705882,0.3137254901960785,35.0
weighted avg,0.9142857142857143,0.45714285714285713,0.6095238095238096,35.0
