,precision,recall,f1-score,support
0.0,1.0,0.08571428571428572,0.15789473684210528,35.0
1.0,0.0,0.0,0.0,0.0
accuracy,,,0.08571428571428572,35.0
macro avg,0.5,0.04285714285714286,0.07894736842105264,35.0
weighted avg,1.0,0.08571428571428572,0.15789473684210528,35.0
