,precision,recall,f1-score,support
0.0,0.48,0.9230769230769231,0.631578947368421,26.0
1.0,0.0,0.0,0.0,26.0
accuracy,,,0.46153846153846156,52.0
macro avg,0.24,0.46153846153846156,0.3157894736842105,52.0
weighted avg,0.24000000000000002,0.46153846153846156,0.3157894736842105,52.0
