,precision,recall,f1-score,support
0.0,0.4222222222222222,0.7307692307692307,0.5352112676056338,26.0
1.0,0.0,0.0,0.0,26.0
accuracy,,,0.36538461538461536,52.0
macro avg,0.2111111111111111,0.36538461538461536,0.2676056338028169,52.0
weighted avg,0.2111111111111111,0.36538461538461536,0.2676056338028169,52.0
