,precision,recall,f1-score,support
0.0,1.0,0.06521739130434782,0.12244897959183672,46.0
1.0,0.022727272727272728,1.0,0.044444444444444446,1.0
accuracy,,,0.0851063829787234,47.0
macro avg,0.5113636363636364,0.532608695652174,0.08344671201814058,47.0
weighted avg,0.9792069632495165,0.0851063829787234,0.1207893086312539,47.0
