,precision,recall,f1-score,support
0.0,1.0,0.0851063829787234,0.1568627450980392,47.0
1.0,0.0,0.0,0.0,0.0
accuracy,,,0.0851063829787234,47.0
macro avg,0.5,0.0425531914893617,0.0784313725490196,47.0
weighted avg,1.0,0.0851063829787234,0.1568627450980392,47.0
