,precision,recall,f1-score,support
0.0,1.0,0.8695652173913043,0.9302325581395349,46.0
1.0,0.14285714285714285,1.0,0.25,1.0
accuracy,,,0.8723404255319149,47.0
macro avg,0.5714285714285714,0.9347826086956521,0.5901162790697674,47.0
weighted avg,0.9817629179331308,0.8723404255319149,0.9157595249876298,47.0
