,precision,recall,f1-score,support
0.0,1.0,0.8297872340425532,0.9069767441860465,47.0
1.0,0.0,0.0,0.0,0.0
accuracy,,,0.8297872340425532,47.0
macro avg,0.5,0.4148936170212766,0.45348837209302323,47.0
weighted avg,1.0,0.8297872340425532,0.9069767441860465,47.0
