,precision,recall,f1-score,support
0.0,1.0,0.8723404255319149,0.9318181818181819,47.0
1.0,0.0,0.0,0.0,0.0
accuracy,,,0.8723404255319149,47.0
macro avg,0.5,0.43617021276595747,0.46590909090909094,47.0
weighted avg,1.0,0.8723404255319149,0.9318181818181819,47.0
