,precision,recall,f1-score,support
0.0,1.0,0.45652173913043476,0.626865671641791,46.0
1.0,0.038461538461538464,1.0,0.07407407407407407,1.0
accuracy,,,0.46808510638297873,47.0
macro avg,0.5192307692307693,0.7282608695652174,0.3504698728579325,47.0
weighted avg,0.9795417348608838,0.46808510638297873,0.6151041482892864,47.0
