,precision,recall,f1-score,support
0.0,1.0,0.0425531914893617,0.08163265306122448,47.0
1.0,0.0,0.0,0.0,0.0
accuracy,,,0.0425531914893617,47.0
macro avg,0.5,0.02127659574468085,0.04081632653061224,47.0
weighted avg,1.0,0.0425531914893617,0.08163265306122448,47.0
