,precision,recall,f1-score,support
0.0,1.0,0.3829787234042553,0.5538461538461539,47.0
1.0,0.0,0.0,0.0,0.0
accuracy,,,0.3829787234042553,47.0
macro avg,0.5,0.19148936170212766,0.27692307692307694,47.0
weighted avg,1.0,0.3829787234042553,0.5538461538461539,47.0
