,precision,recall,f1-score,support
0.0,1.0,0.425531914893617,0.5970149253731344,47.0
1.0,0.0,0.0,0.0,0.0
accuracy,,,0.425531914893617,47.0
macro avg,0.5,0.2127659574468085,0.2985074626865672,47.0
weighted avg,1.0,0.425531914893617,0.5970149253731344,47.0
