,precision,recall,f1-score,support
0.0,1.0,0.1702127659574468,0.2909090909090909,47.0
1.0,0.0,0.0,0.0,0.0
accuracy,,,0.1702127659574468,47.0
macro avg,0.5,0.0851063829787234,0.14545454545454545,47.0
weighted avg,1.0,0.1702127659574468,0.2909090909090909,47.0
