,precision,recall,f1-score,support
0.0,1.0,0.14893617021276595,0.25925925925925924,47.0
1.0,0.0,0.0,0.0,0.0
accuracy,,,0.14893617021276595,47.0
macro avg,0.5,0.07446808510638298,0.12962962962962962,47.0
weighted avg,1.0,0.14893617021276595,0.25925925925925924,47.0
