,precision,recall,f1-score,support
0.0,1.0,0.6521739130434783,0.7894736842105263,46.0
1.0,0.058823529411764705,1.0,0.1111111111111111,1.0
accuracy,,,0.6595744680851063,47.0
macro avg,0.5294117647058824,0.8260869565217391,0.45029239766081874,47.0
weighted avg,0.9799749687108886,0.6595744680851063,0.7750404379743686,47.0
