,precision,recall,f1-score,support
0.0,1.0,0.7659574468085106,0.8674698795180723,47.0
1.0,0.0,0.0,0.0,0.0
accuracy,,,0.7659574468085106,47.0
macro avg,0.5,0.3829787234042553,0.43373493975903615,47.0
weighted avg,1.0,0.7659574468085106,0.8674698795180723,47.0
