,precision,recall,f1-score,support
0.0,1.0,0.043478260869565216,0.08333333333333333,46.0
1.0,0.022222222222222223,1.0,0.04347826086956522,1.0
accuracy,,,0.06382978723404255,47.0
macro avg,0.5111111111111111,0.5217391304347826,0.06340579710144928,47.0
weighted avg,0.9791962174940899,0.06382978723404255,0.08248535306814678,47.0
