,precision,recall,f1-score,support
0.0,1.0,0.19148936170212766,0.32142857142857145,47.0
1.0,0.0,0.0,0.0,0.0
accuracy,,,0.19148936170212766,47.0
macro avg,0.5,0.09574468085106383,0.16071428571428573,47.0
weighted avg,1.0,0.19148936170212766,0.32142857142857145,47.0
