,precision,recall,f1-score,support
0.0,1.0,0.9361702127659575,0.967032967032967,47.0
1.0,0.0,0.0,0.0,0.0
accuracy,,,0.9361702127659575,47.0
macro avg,0.5,0.46808510638297873,0.4835164835164835,47.0
weighted avg,1.0,0.9361702127659575,0.967032967032967,47.0
