,precision,recall,f1-score,support
0.0,1.0,0.3617021276595745,0.53125,47.0
1.0,0.0,0.0,0.0,0.0
accuracy,,,0.3617021276595745,47.0
macro avg,0.5,0.18085106382978725,0.265625,47.0
weighted avg,1.0,0.3617021276595745,0.53125,47.0
