,precision,recall,f1-score,support
0.0,1.0,0.10638297872340426,0.1923076923076923,47.0
1.0,0.0,0.0,0.0,0.0
accuracy,,,0.10638297872340426,47.0
macro avg,0.5,0.05319148936170213,0.09615384615384615,47.0
weighted avg,1.0,0.10638297872340426,0.19230769230769232,47.0
