,precision,recall,f1-score,support
0.0,0.0,0.0,0.0,46.0
1.0,0.02127659574468085,1.0,0.04166666666666667,1.0
accuracy,,,0.02127659574468085,47.0
macro avg,0.010638297872340425,0.5,0.020833333333333336,47.0
weighted avg,0.0004526935264825713,0.02127659574468085,0.0008865248226950355,47.0
