,precision,recall,f1-score,support
0.0,0.9782608695652174,0.9782608695652174,0.9782608695652174,46.0
1.0,0.0,0.0,0.0,1.0
accuracy,,,0.9574468085106383,47.0
macro avg,0.4891304347826087,0.4891304347826087,0.4891304347826087,47.0
weighted avg,0.9574468085106383,0.9574468085106383,0.9574468085106383,47.0
