,precision,recall,f1-score,support
0.0,1.0,0.2978723404255319,0.45901639344262296,47.0
1.0,0.0,0.0,0.0,0.0
accuracy,,,0.2978723404255319,47.0
macro avg,0.5,0.14893617021276595,0.22950819672131148,47.0
weighted avg,1.0,0.2978723404255319,0.45901639344262296,47.0
