,precision,recall,f1-score,support
0.0,1.0,0.574468085106383,0.7297297297297298,47.0
1.0,0.0,0.0,0.0,0.0
accuracy,,,0.574468085106383,47.0
macro avg,0.5,0.2872340425531915,0.3648648648648649,47.0
weighted avg,1.0,0.574468085106383,0.7297297297297299,47.0
