,precision,recall,f1-score,support
0.0,1.0,0.23404255319148937,0.3793103448275862,47.0
1.0,0.0,0.0,0.0,0.0
accuracy,,,0.23404255319148937,47.0
macro avg,0.5,0.11702127659574468,0.1896551724137931,47.0
weighted avg,1.0,0.23404255319148937,0.3793103448275862,47.0
