,precision,recall,f1-score,support
0.0,0.9772727272727273,0.9347826086956522,0.9555555555555557,46.0
1.0,0.0,0.0,0.0,1.0
accuracy,,,0.9148936170212766,47.0
macro avg,0.48863636363636365,0.4673913043478261,0.47777777777777786,47.0
weighted avg,0.9564796905222437,0.9148936170212766,0.9352245862884162,47.0
