,precision,recall,f1-score,support
0.0,1.0,0.7619047619047619,0.8648648648648648,21.0
1.0,0.0,0.0,0.0,0.0
accuracy,,,0.7619047619047619,21.0
macro avg,0.5,0.38095238095238093,0.4324324324324324,21.0
weighted avg,1.0,0.7619047619047619,0.8648648648648648,21.0
