,precision,recall,f1-score,support
0.0,1.0,0.05,0.09523809523809523,20.0
1.0,0.05,1.0,0.09523809523809523,1.0
accuracy,,,0.09523809523809523,21.0
macro avg,0.525,0.525,0.09523809523809523,21.0
weighted avg,0.9547619047619048,0.09523809523809523,0.09523809523809523,21.0
