,precision,recall,f1-score,support
0.0,1.0,0.19047619047619047,0.32,21.0
1.0,0.0,0.0,0.0,0.0
accuracy,,,0.19047619047619047,21.0
macro avg,0.5,0.09523809523809523,0.16,21.0
weighted avg,1.0,0.19047619047619047,0.32,21.0
