,precision,recall,f1-score,support
0.0,1.0,0.6190476190476191,0.7647058823529412,21.0
1.0,0.0,0.0,0.0,0.0
accuracy,,,0.6190476190476191,21.0
macro avg,0.5,0.30952380952380953,0.3823529411764706,21.0
weighted avg,1.0,0.6190476190476191,0.7647058823529411,21.0
