,precision,recall,f1-score,support
0.0,1.0,0.23809523809523808,0.3846153846153846,21.0
1.0,0.0,0.0,0.0,0.0
accuracy,,,0.23809523809523808,21.0
macro avg,0.5,0.11904761904761904,0.1923076923076923,21.0
weighted avg,1.0,0.23809523809523808,0.3846153846153846,21.0
