,precision,recall,f1-score,support
0.0,1.0,0.7142857142857143,0.8333333333333333,21.0
1.0,0.0,0.0,0.0,0.0
accuracy,,,0.7142857142857143,21.0
macro avg,0.5,0.35714285714285715,0.41666666666666663,21.0
weighted avg,1.0,0.7142857142857143,0.8333333333333334,21.0
