,precision,recall,f1-score,support
0.0,1.0,0.15,0.2608695652173913,20.0
1.0,0.05555555555555555,1.0,0.10526315789473684,1.0
accuracy,,,0.19047619047619047,21.0
macro avg,0.5277777777777778,0.575,0.18306636155606407,21.0
weighted avg,0.9550264550264551,0.19047619047619047,0.2534597362972649,21.0
