,precision,recall,f1-score,support
0.0,0.9523809523809523,1.0,0.975609756097561,20.0
1.0,0.0,0.0,0.0,1.0
accuracy,,,0.9523809523809523,21.0
macro avg,0.47619047619047616,0.5,0.4878048780487805,21.0
weighted avg,0.9070294784580499,0.9523809523809523,0.9291521486643438,21.0
