,precision,recall,f1-score,support
0.0,1.0,0.8571428571428571,0.923076923076923,21.0
1.0,0.0,0.0,0.0,0.0
accuracy,,,0.8571428571428571,21.0
macro avg,0.5,0.42857142857142855,0.4615384615384615,21.0
weighted avg,1.0,0.8571428571428571,0.923076923076923,21.0
