,precision,recall,f1-score,support
0.0,0.75,0.15,0.24999999999999997,20.0
1.0,0.0,0.0,0.0,1.0
accuracy,,,0.14285714285714285,21.0
macro avg,0.375,0.075,0.12499999999999999,21.0
weighted avg,0.7142857142857143,0.14285714285714285,0.23809523809523805,21.0
