,precision,recall,f1-score,support
0.0,1.0,0.65,0.787878787878788,20.0
1.0,0.125,1.0,0.2222222222222222,1.0
accuracy,,,0.6666666666666666,21.0
macro avg,0.5625,0.825,0.5050505050505051,21.0
weighted avg,0.9583333333333334,0.6666666666666666,0.760942760942761,21.0
