,precision,recall,f1-score,support
0.0,0.8571428571428571,0.3,0.4444444444444444,20.0
1.0,0.0,0.0,0.0,1.0
accuracy,,,0.2857142857142857,21.0
macro avg,0.42857142857142855,0.15,0.2222222222222222,21.0
weighted avg,0.8163265306122449,0.2857142857142857,0.4232804232804233,21.0
