,precision,recall,f1-score,support
0.0,1.0,0.8095238095238095,0.8947368421052632,21.0
1.0,0.0,0.0,0.0,0.0
accuracy,,,0.8095238095238095,21.0
macro avg,0.5,0.40476190476190477,0.4473684210526316,21.0
weighted avg,1.0,0.8095238095238095,0.8947368421052632,21.0
