,precision,recall,f1-score,support
0.0,1.0,0.47619047619047616,0.6451612903225806,21.0
1.0,0.0,0.0,0.0,0.0
accuracy,,,0.47619047619047616,21.0
macro avg,0.5,0.23809523809523808,0.3225806451612903,21.0
weighted avg,1.0,0.47619047619047616,0.6451612903225806,21.0
