,precision,recall,f1-score,support
0.0,1.0,0.5238095238095238,0.6875000000000001,21.0
1.0,0.0,0.0,0.0,0.0
accuracy,,,0.5238095238095238,21.0
macro avg,0.5,0.2619047619047619,0.34375000000000006,21.0
weighted avg,1.0,0.5238095238095238,0.6875000000000001,21.0
