,precision,recall,f1-score,support
0.0,1.0,0.25,0.4,20.0
1.0,0.0625,1.0,0.11764705882352941,1.0
accuracy,,,0.2857142857142857,21.0
macro avg,0.53125,0.625,0.25882352941176473,21.0
weighted avg,0.9553571428571429,0.2857142857142857,0.38655462184873945,21.0
