,precision,recall,f1-score,support
0.0,1.0,0.9047619047619048,0.9500000000000001,21.0
1.0,0.0,0.0,0.0,0.0
accuracy,,,0.9047619047619048,21.0
macro avg,0.5,0.4523809523809524,0.47500000000000003,21.0
weighted avg,1.0,0.9047619047619048,0.9500000000000002,21.0
