,precision,recall,f1-score,support
0.0,0.46938775510204084,0.8846153846153846,0.6133333333333333,26.0
1.0,0.0,0.0,0.0,26.0
accuracy,,,0.4423076923076923,52.0
macro avg,0.23469387755102042,0.4423076923076923,0.30666666666666664,52.0
weighted avg,0.2346938775510204,0.4423076923076923,0.30666666666666664,52.0
