,precision,recall,f1-score,support
0.0,1.0,0.8076923076923077,0.8936170212765957,26.0
1.0,0.8387096774193549,1.0,0.9122807017543859,26.0
accuracy,,,0.9038461538461539,52.0
macro avg,0.9193548387096775,0.9038461538461539,0.9029488615154908,52.0
weighted avg,0.9193548387096775,0.9038461538461539,0.9029488615154909,52.0
