,precision,recall,f1-score,support
0.0,0.35,0.5384615384615384,0.4242424242424242,26.0
1.0,0.0,0.0,0.0,26.0
accuracy,,,0.2692307692307692,52.0
macro avg,0.175,0.2692307692307692,0.2121212121212121,52.0
weighted avg,0.175,0.2692307692307692,0.2121212121212121,52.0
