,precision,recall,f1-score,support
0.0,0.46511627906976744,0.8695652173913043,0.6060606060606061,23.0
1.0,0.0,0.0,0.0,23.0
accuracy,,,0.43478260869565216,46.0
macro avg,0.23255813953488372,0.43478260869565216,0.30303030303030304,46.0
weighted avg,0.23255813953488372,0.43478260869565216,0.30303030303030304,46.0
