,precision,recall,f1-score,support
0.0,0.3902439024390244,0.64,0.48484848484848486,25.0
1.0,0.0,0.0,0.0,25.0
accuracy,,,0.32,50.0
macro avg,0.1951219512195122,0.32,0.24242424242424243,50.0
weighted avg,0.1951219512195122,0.32,0.24242424242424243,50.0
