,precision,recall,f1-score,support
0.0,0.5714285714285714,0.64,0.6037735849056605,25.0
1.0,0.5909090909090909,0.52,0.5531914893617023,25.0
accuracy,,,0.58,50.0
macro avg,0.5811688311688312,0.5800000000000001,0.5784825371336814,50.0
weighted avg,0.5811688311688311,0.58,0.5784825371336814,50.0
