,precision,recall,f1-score,support
0.0,0.44680851063829785,0.8076923076923077,0.5753424657534246,26.0
1.0,0.0,0.0,0.0,26.0
accuracy,,,0.40384615384615385,52.0
macro avg,0.22340425531914893,0.40384615384615385,0.2876712328767123,52.0
weighted avg,0.22340425531914893,0.40384615384615385,0.2876712328767123,52.0
