,precision,recall,f1-score,support
0.0,0.2571428571428571,0.34615384615384615,0.29508196721311475,26.0
1.0,0.0,0.0,0.0,26.0
accuracy,,,0.17307692307692307,52.0
macro avg,0.12857142857142856,0.17307692307692307,0.14754098360655737,52.0
weighted avg,0.12857142857142856,0.17307692307692307,0.14754098360655737,52.0
