,precision,recall,f1-score,support
0.0,1.0,0.6538461538461539,0.7906976744186047,26.0
1.0,0.7428571428571429,1.0,0.8524590163934427,26.0
accuracy,,,0.8269230769230769,52.0
macro avg,0.8714285714285714,0.8269230769230769,0.8215783454060237,52.0
weighted avg,0.8714285714285714,0.8269230769230769,0.8215783454060237,52.0
