,precision,recall,f1-score,support
0.0,1.0,0.8846153846153846,0.9387755102040816,26.0
1.0,0.896551724137931,1.0,0.9454545454545454,26.0
accuracy,,,0.9423076923076923,52.0
macro avg,0.9482758620689655,0.9423076923076923,0.9421150278293136,52.0
weighted avg,0.9482758620689655,0.9423076923076923,0.9421150278293136,52.0
