,precision,recall,f1-score,support
0.0,0.4583333333333333,0.8461538461538461,0.5945945945945945,26.0
1.0,0.0,0.0,0.0,26.0
accuracy,,,0.4230769230769231,52.0
macro avg,0.22916666666666666,0.4230769230769231,0.29729729729729726,52.0
weighted avg,0.22916666666666666,0.4230769230769231,0.29729729729729726,52.0
