,precision,recall,f1-score,support
0.0,1.0,0.5769230769230769,0.7317073170731707,26.0
1.0,0.7027027027027027,1.0,0.8253968253968255,26.0
accuracy,,,0.7884615384615384,52.0
macro avg,0.8513513513513513,0.7884615384615384,0.778552071234998,52.0
weighted avg,0.8513513513513514,0.7884615384615384,0.778552071234998,52.0
