,precision,recall,f1-score,support
0.0,0.49019607843137253,0.9615384615384616,0.6493506493506493,26.0
1.0,0.0,0.0,0.0,26.0
accuracy,,,0.4807692307692308,52.0
macro avg,0.24509803921568626,0.4807692307692308,0.3246753246753247,52.0
weighted avg,0.24509803921568626,0.4807692307692308,0.3246753246753247,52.0
