,precision,recall,f1-score,support
0.0,1.0,0.5384615384615384,0.7000000000000001,26.0
1.0,0.6842105263157895,1.0,0.8125000000000001,26.0
accuracy,,,0.7692307692307693,52.0
macro avg,0.8421052631578947,0.7692307692307692,0.7562500000000001,52.0
weighted avg,0.8421052631578948,0.7692307692307693,0.7562500000000001,52.0
