,precision,recall,f1-score,support
0.0,0.48936170212765956,0.9583333333333334,0.6478873239436619,24.0
1.0,0.0,0.0,0.0,24.0
accuracy,,,0.4791666666666667,48.0
macro avg,0.24468085106382978,0.4791666666666667,0.32394366197183094,48.0
weighted avg,0.24468085106382978,0.4791666666666667,0.32394366197183094,48.0
