,precision,recall,f1-score,support
0.0,0.4666666666666667,0.875,0.608695652173913,24.0
1.0,0.0,0.0,0.0,24.0
accuracy,,,0.4375,48.0
macro avg,0.23333333333333334,0.4375,0.3043478260869565,48.0
weighted avg,0.2333333333333333,0.4375,0.3043478260869565,48.0
