,precision,recall,f1-score,support
0.0,0.6071428571428571,0.68,0.6415094339622641,25.0
1.0,0.6363636363636364,0.56,0.5957446808510639,25.0
accuracy,,,0.62,50.0
macro avg,0.6217532467532467,0.6200000000000001,0.618627057406664,50.0
weighted avg,0.6217532467532467,0.62,0.618627057406664,50.0
