,precision,recall,f1-score,support
0.0,0.2972972972972973,0.4230769230769231,0.34920634920634924,26.0
1.0,0.0,0.0,0.0,26.0
accuracy,,,0.21153846153846154,52.0
macro avg,0.14864864864864866,0.21153846153846154,0.17460317460317462,52.0
weighted avg,0.14864864864864866,0.21153846153846154,0.17460317460317462,52.0
