,precision,recall,f1-score,support
0.0,1.0,0.6153846153846154,0.761904761904762,26.0
1.0,0.7222222222222222,1.0,0.8387096774193548,26.0
accuracy,,,0.8076923076923077,52.0
macro avg,0.8611111111111112,0.8076923076923077,0.8003072196620584,52.0
weighted avg,0.8611111111111112,0.8076923076923077,0.8003072196620583,52.0
