,precision,recall,f1-score,support
0.0,0.40476190476190477,0.68,0.5074626865671642,25.0
1.0,0.0,0.0,0.0,25.0
accuracy,,,0.34,50.0
macro avg,0.20238095238095238,0.34,0.2537313432835821,50.0
weighted avg,0.20238095238095238,0.34,0.2537313432835821,50.0
