,precision,recall,f1-score,support
0.0,0.43902439024390244,0.782608695652174,0.5625,23.0
1.0,0.0,0.0,0.0,23.0
accuracy,,,0.391304347826087,46.0
macro avg,0.21951219512195122,0.391304347826087,0.28125,46.0
weighted avg,0.21951219512195122,0.391304347826087,0.28125,46.0
