,precision,recall,f1-score,support
0.0,1.0,0.56,0.717948717948718,25.0
1.0,0.6944444444444444,1.0,0.819672131147541,25.0
accuracy,,,0.78,50.0
macro avg,0.8472222222222222,0.78,0.7688104245481295,50.0
weighted avg,0.8472222222222223,0.78,0.7688104245481295,50.0
