,precision,recall,f1-score,support
0.0,0.34210526315789475,0.52,0.41269841269841273,25.0
1.0,0.0,0.0,0.0,25.0
accuracy,,,0.26,50.0
macro avg,0.17105263157894737,0.26,0.20634920634920637,50.0
weighted avg,0.17105263157894737,0.26,0.20634920634920637,50.0
