,precision,recall,f1-score,support
0.0,1.0,0.8,0.888888888888889,25.0
1.0,0.8333333333333334,1.0,0.9090909090909091,25.0
accuracy,,,0.9,50.0
macro avg,0.9166666666666667,0.9,0.898989898989899,50.0
weighted avg,0.9166666666666667,0.9,0.898989898989899,50.0
