,precision,recall,f1-score,support
0.0,1.0,0.72,0.8372093023255813,25.0
1.0,0.78125,1.0,0.8771929824561403,25.0
accuracy,,,0.86,50.0
macro avg,0.890625,0.86,0.8572011423908608,50.0
weighted avg,0.890625,0.86,0.8572011423908609,50.0
