,precision,recall,f1-score,support
0.0,0.3953488372093023,0.6538461538461539,0.49275362318840576,26.0
1.0,0.0,0.0,0.0,26.0
accuracy,,,0.3269230769230769,52.0
macro avg,0.19767441860465115,0.3269230769230769,0.24637681159420288,52.0
weighted avg,0.19767441860465113,0.3269230769230769,0.2463768115942029,52.0
