,precision,recall,f1-score,support
0.0,0.4186046511627907,0.72,0.5294117647058824,25.0
1.0,0.0,0.0,0.0,25.0
accuracy,,,0.36,50.0
macro avg,0.20930232558139536,0.36,0.2647058823529412,50.0
weighted avg,0.20930232558139536,0.36,0.2647058823529412,50.0
