,precision,recall,f1-score,support
0.0,0.5517241379310345,0.64,0.5925925925925927,25.0
1.0,0.5714285714285714,0.48,0.5217391304347826,25.0
accuracy,,,0.56,50.0
macro avg,0.5615763546798029,0.56,0.5571658615136876,50.0
weighted avg,0.5615763546798029,0.56,0.5571658615136876,50.0
