,precision,recall,f1-score,support
0.0,0.45454545454545453,0.8333333333333334,0.5882352941176471,24.0
1.0,0.0,0.0,0.0,24.0
accuracy,,,0.4166666666666667,48.0
macro avg,0.22727272727272727,0.4166666666666667,0.29411764705882354,48.0
weighted avg,0.22727272727272727,0.4166666666666667,0.29411764705882354,48.0
