,precision,recall,f1-score,support
0.0,0.4444444444444444,0.8,0.5714285714285714,25.0
1.0,0.0,0.0,0.0,25.0
accuracy,,,0.4,50.0
macro avg,0.2222222222222222,0.4,0.2857142857142857,50.0
weighted avg,0.2222222222222222,0.4,0.2857142857142857,50.0
