,precision,recall,f1-score,support
0.0,0.9285714285714286,0.38235294117647056,0.5416666666666667,34.0
1.0,0.0,0.0,0.0,1.0
accuracy,,,0.37142857142857144,35.0
macro avg,0.4642857142857143,0.19117647058823528,0.27083333333333337,35.0
weighted avg,0.9020408163265307,0.37142857142857144,0.5261904761904762,35.0
