,precision,recall,f1-score,support
0.0,1.0,0.3142857142857143,0.4782608695652174,35.0
1.0,0.0,0.0,0.0,0.0
accuracy,,,0.3142857142857143,35.0
macro avg,0.5,0.15714285714285714,0.2391304347826087,35.0
weighted avg,1.0,0.3142857142857143,0.4782608695652174,35.0
