,precision,recall,f1-score,support
0.0,1.0,0.05714285714285714,0.1081081081081081,35.0
1.0,0.0,0.0,0.0,0.0
accuracy,,,0.05714285714285714,35.0
macro avg,0.5,0.02857142857142857,0.05405405405405405,35.0
weighted avg,1.0,0.05714285714285714,0.1081081081081081,35.0
