,precision,recall,f1-score,support
0.0,1.0,0.45714285714285713,0.6274509803921569,35.0
1.0,0.0,0.0,0.0,0.0
accuracy,,,0.45714285714285713,35.0
macro avg,0.5,0.22857142857142856,0.3137254901960784,35.0
weighted avg,1.0,0.45714285714285713,0.6274509803921569,35.0
