,precision,recall,f1-score,support
0.0,1.0,0.029411764705882353,0.05714285714285715,34.0
1.0,0.029411764705882353,1.0,0.05714285714285715,1.0
accuracy,,,0.05714285714285714,35.0
macro avg,0.5147058823529411,0.5147058823529411,0.05714285714285715,35.0
weighted avg,0.9722689075630253,0.05714285714285714,0.05714285714285714,35.0
