,precision,recall,f1-score,support
0.0,1.0,0.2857142857142857,0.4444444444444445,35.0
1.0,0.0,0.0,0.0,0.0
accuracy,,,0.2857142857142857,35.0
macro avg,0.5,0.14285714285714285,0.22222222222222224,35.0
weighted avg,1.0,0.2857142857142857,0.4444444444444445,35.0
