,precision,recall,f1-score,support
0.0,1.0,0.5428571428571428,0.7037037037037037,35.0
1.0,0.0,0.0,0.0,0.0
accuracy,,,0.5428571428571428,35.0
macro avg,0.5,0.2714285714285714,0.35185185185185186,35.0
weighted avg,1.0,0.5428571428571428,0.7037037037037037,35.0
