,precision,recall,f1-score,support
0.0,1.0,0.8,0.888888888888889,35.0
1.0,0.0,0.0,0.0,0.0
accuracy,,,0.8,35.0
macro avg,0.5,0.4,0.4444444444444445,35.0
weighted avg,1.0,0.8,0.888888888888889,35.0
