,precision,recall,f1-score,support
0.0,1.0,0.5588235294117647,0.7169811320754718,34.0
1.0,0.0625,1.0,0.11764705882352941,1.0
accuracy,,,0.5714285714285714,35.0
macro avg,0.53125,0.7794117647058824,0.4173140954495006,35.0
weighted avg,0.9732142857142857,0.5714285714285714,0.6998573014111305,35.0
