,precision,recall,f1-score,support
0.0,1.0,0.5,0.6666666666666666,34.0
1.0,0.05555555555555555,1.0,0.10526315789473684,1.0
accuracy,,,0.5142857142857142,35.0
macro avg,0.5277777777777778,0.75,0.38596491228070173,35.0
weighted avg,0.9730158730158731,0.5142857142857142,0.65062656641604,35.0
