,precision,recall,f1-score,support
0.0,0.9714285714285714,1.0,0.9855072463768115,34.0
1.0,0.0,0.0,0.0,1.0
accuracy,,,0.9714285714285714,35.0
macro avg,0.4857142857142857,0.5,0.49275362318840576,35.0
weighted avg,0.943673469387755,0.9714285714285714,0.9573498964803312,35.0
