,precision,recall,f1-score,support
0.0,1.0,0.14285714285714285,0.25,35.0
1.0,0.0,0.0,0.0,0.0
accuracy,,,0.14285714285714285,35.0
macro avg,0.5,0.07142857142857142,0.125,35.0
weighted avg,1.0,0.14285714285714285,0.25,35.0
