,precision,recall,f1-score,support
0.0,0.6129032258064516,0.7916666666666666,0.6909090909090909,24.0
1.0,0.7058823529411765,0.5,0.5853658536585366,24.0
accuracy,,,0.6458333333333334,48.0
macro avg,0.6593927893738141,0.6458333333333333,0.6381374722838138,48.0
weighted avg,0.6593927893738141,0.6458333333333334,0.6381374722838137,48.0
