,precision,recall,f1-score,support
0.0,1.0,0.84,0.9130434782608696,25.0
1.0,0.8620689655172413,1.0,0.9259259259259259,25.0
accuracy,,,0.92,50.0
macro avg,0.9310344827586207,0.9199999999999999,0.9194847020933978,50.0
weighted avg,0.9310344827586207,0.92,0.9194847020933977,50.0
