,precision,recall,f1-score,support
0.0,0.3684210526315789,0.5833333333333334,0.4516129032258065,24.0
1.0,0.0,0.0,0.0,24.0
accuracy,,,0.2916666666666667,48.0
macro avg,0.18421052631578946,0.2916666666666667,0.22580645161290325,48.0
weighted avg,0.18421052631578946,0.2916666666666667,0.22580645161290325,48.0
