,precision,recall,f1-score,support
0.0,0.4318181818181818,0.76,0.5507246376811594,25.0
1.0,0.0,0.0,0.0,25.0
accuracy,,,0.38,50.0
macro avg,0.2159090909090909,0.38,0.2753623188405797,50.0
weighted avg,0.2159090909090909,0.38,0.2753623188405797,50.0
