,precision,recall,f1-score,support
0.0,0.4523809523809524,0.8260869565217391,0.5846153846153845,23.0
1.0,0.0,0.0,0.0,23.0
accuracy,,,0.41304347826086957,46.0
macro avg,0.2261904761904762,0.41304347826086957,0.29230769230769227,46.0
weighted avg,0.2261904761904762,0.41304347826086957,0.29230769230769227,46.0
