,precision,recall,f1-score,support
0.0,0.3055555555555556,0.44,0.36065573770491804,25.0
1.0,0.0,0.0,0.0,25.0
accuracy,,,0.22,50.0
macro avg,0.1527777777777778,0.22,0.18032786885245902,50.0
weighted avg,0.1527777777777778,0.22,0.18032786885245902,50.0
