,precision,recall,f1-score,support
0.0,0.32432432432432434,0.48,0.3870967741935484,25.0
1.0,0.0,0.0,0.0,25.0
accuracy,,,0.24,50.0
macro avg,0.16216216216216217,0.24,0.1935483870967742,50.0
weighted avg,0.16216216216216217,0.24,0.1935483870967742,50.0
