,precision,recall,f1-score,support
0.0,0.45652173913043476,0.84,0.5915492957746479,25.0
1.0,0.0,0.0,0.0,25.0
accuracy,,,0.42,50.0
macro avg,0.22826086956521738,0.42,0.29577464788732394,50.0
weighted avg,0.22826086956521738,0.42,0.29577464788732394,50.0
