,precision,recall,f1-score,support
0.0,1.0,0.48,0.6486486486486487,25.0
1.0,0.6578947368421053,1.0,0.7936507936507937,25.0
accuracy,,,0.74,50.0
macro avg,0.8289473684210527,0.74,0.7211497211497212,50.0
weighted avg,0.8289473684210527,0.74,0.7211497211497212,50.0
