,precision,recall,f1-score,support
0.0,0.4418604651162791,0.7916666666666666,0.5671641791044777,24.0
1.0,0.0,0.0,0.0,24.0
accuracy,,,0.3958333333333333,48.0
macro avg,0.22093023255813954,0.3958333333333333,0.28358208955223885,48.0
weighted avg,0.22093023255813957,0.3958333333333333,0.28358208955223885,48.0
