,precision,recall,f1-score,support
0.0,1.0,0.76,0.8636363636363636,25.0
1.0,0.8064516129032258,1.0,0.8928571428571428,25.0
accuracy,,,0.88,50.0
macro avg,0.9032258064516129,0.88,0.8782467532467533,50.0
weighted avg,0.9032258064516128,0.88,0.8782467532467533,50.0
